index,context,question,ground_truth,prediction,correct
0,John travelled to the hallway. Mary journeyed to the bathroom.,Where is John?,hallway,hallway,True
1,John travelled to the hallway. Mary journeyed to the bathroom. Daniel went back to the bathroom. John moved to the bedroom.,Where is Mary?,bathroom,bedroom,False
2,John travelled to the hallway. Mary journeyed to the bathroom. Daniel went back to the bathroom. John moved to the bedroom. John went to the hallway. Sandra journeyed to the kitchen.,Where is Sandra?,kitchen,kitchen,True
3,John travelled to the hallway. Mary journeyed to the bathroom. Daniel went back to the bathroom. John moved to the bedroom. John went to the hallway. Sandra journeyed to the kitchen. Sandra travelled to the hallway. John went to the garden.,Where is Sandra?,hallway,kitchen,False
4,John travelled to the hallway. Mary journeyed to the bathroom. Daniel went back to the bathroom. John moved to the bedroom. John went to the hallway. Sandra journeyed to the kitchen. Sandra travelled to the hallway. John went to the garden. Sandra went back to the bathroom. Sandra moved to the kitchen.,Where is Sandra?,kitchen,kitchen,True
5,Sandra travelled to the kitchen. Sandra travelled to the hallway.,Where is Sandra?,hallway,hallway,True
6,Sandra travelled to the kitchen. Sandra travelled to the hallway. Mary went to the bathroom. Sandra moved to the garden.,Where is Sandra?,garden,garden,True
7,Sandra travelled to the kitchen. Sandra travelled to the hallway. Mary went to the bathroom. Sandra moved to the garden. Sandra travelled to the office. Daniel journeyed to the hallway.,Where is Daniel?,hallway,hallway,True
8,Sandra travelled to the kitchen. Sandra travelled to the hallway. Mary went to the bathroom. Sandra moved to the garden. Sandra travelled to the office. Daniel journeyed to the hallway. Daniel journeyed to the office. John moved to the hallway.,Where is Sandra?,office,office,True
9,Sandra travelled to the kitchen. Sandra travelled to the hallway. Mary went to the bathroom. Sandra moved to the garden. Sandra travelled to the office. Daniel journeyed to the hallway. Daniel journeyed to the office. John moved to the hallway. John travelled to the bathroom. John journeyed to the office.,Where is Daniel?,office,bathroom,False
10,John travelled to the office. Mary journeyed to the kitchen.,Where is Mary?,kitchen,kitchen,True
11,John travelled to the office. Mary journeyed to the kitchen. Mary moved to the garden. Daniel went to the office.,Where is Mary?,garden,garden,True
12,John travelled to the office. Mary journeyed to the kitchen. Mary moved to the garden. Daniel went to the office. John went to the hallway. Mary moved to the kitchen.,Where is Daniel?,office,office,True
13,John travelled to the office. Mary journeyed to the kitchen. Mary moved to the garden. Daniel went to the office. John went to the hallway. Mary moved to the kitchen. Mary travelled to the bedroom. Daniel journeyed to the garden.,Where is Mary?,bedroom,bedroom,True
14,John travelled to the office. Mary journeyed to the kitchen. Mary moved to the garden. Daniel went to the office. John went to the hallway. Mary moved to the kitchen. Mary travelled to the bedroom. Daniel journeyed to the garden. John journeyed to the garden. Sandra journeyed to the bedroom.,Where is Mary?,bedroom,garden,False
15,John moved to the hallway. John journeyed to the kitchen.,Where is John?,kitchen,kitchen,True
16,John moved to the hallway. John journeyed to the kitchen. Sandra travelled to the garden. John journeyed to the garden.,Where is John?,garden,garden,True
17,John moved to the hallway. John journeyed to the kitchen. Sandra travelled to the garden. John journeyed to the garden. Daniel journeyed to the office. John went to the kitchen.,Where is John?,kitchen,kitchen,True
18,John moved to the hallway. John journeyed to the kitchen. Sandra travelled to the garden. John journeyed to the garden. Daniel journeyed to the office. John went to the kitchen. Sandra journeyed to the hallway. Mary went to the hallway.,Where is Daniel?,office,office,True
19,John moved to the hallway. John journeyed to the kitchen. Sandra travelled to the garden. John journeyed to the garden. Daniel journeyed to the office. John went to the kitchen. Sandra journeyed to the hallway. Mary went to the hallway. Mary went to the kitchen. Sandra travelled to the garden.,Where is John?,kitchen,kitchen,True
20,Mary journeyed to the kitchen. Mary travelled to the hallway.,Where is Mary?,hallway,hallway,True
21,Mary journeyed to the kitchen. Mary travelled to the hallway. Sandra moved to the office. John journeyed to the office.,Where is John?,office,office,True
22,Mary journeyed to the kitchen. Mary travelled to the hallway. Sandra moved to the office. John journeyed to the office. Sandra travelled to the hallway. Daniel went back to the bathroom.,Where is John?,office,office,True
23,Mary journeyed to the kitchen. Mary travelled to the hallway. Sandra moved to the office. John journeyed to the office. Sandra travelled to the hallway. Daniel went back to the bathroom. Mary travelled to the garden. Daniel moved to the bedroom.,Where is Sandra?,hallway,bathroom,False
24,Mary journeyed to the kitchen. Mary travelled to the hallway. Sandra moved to the office. John journeyed to the office. Sandra travelled to the hallway. Daniel went back to the bathroom. Mary travelled to the garden. Daniel moved to the bedroom. John went to the garden. Sandra travelled to the office.,Where is Daniel?,bedroom,bedroom,True
25,Sandra moved to the bedroom. Mary went back to the kitchen.,Where is Sandra?,bedroom,bedroom,True
26,Sandra moved to the bedroom. Mary went back to the kitchen. Mary went to the bedroom. Daniel journeyed to the bedroom.,Where is Mary?,bedroom,bedroom,True
27,Sandra moved to the bedroom. Mary went back to the kitchen. Mary went to the bedroom. Daniel journeyed to the bedroom. John travelled to the bathroom. Daniel travelled to the kitchen.,Where is Daniel?,kitchen,kitchen,True
28,Sandra moved to the bedroom. Mary went back to the kitchen. Mary went to the bedroom. Daniel journeyed to the bedroom. John travelled to the bathroom. Daniel travelled to the kitchen. John went back to the office. Sandra journeyed to the garden.,Where is Daniel?,kitchen,kitchen,True
29,Sandra moved to the bedroom. Mary went back to the kitchen. Mary went to the bedroom. Daniel journeyed to the bedroom. John travelled to the bathroom. Daniel travelled to the kitchen. John went back to the office. Sandra journeyed to the garden. Mary journeyed to the bathroom. Mary journeyed to the kitchen.,Where is Daniel?,kitchen,garden,False
30,Sandra moved to the hallway. Daniel went to the office.,Where is Sandra?,hallway,hallway,True
31,Sandra moved to the hallway. Daniel went to the office. Sandra travelled to the kitchen. John moved to the office.,Where is John?,office,office,True
32,Sandra moved to the hallway. Daniel went to the office. Sandra travelled to the kitchen. John moved to the office. Sandra went to the bathroom. Sandra moved to the kitchen.,Where is Sandra?,kitchen,kitchen,True
33,Sandra moved to the hallway. Daniel went to the office. Sandra travelled to the kitchen. John moved to the office. Sandra went to the bathroom. Sandra moved to the kitchen. Sandra journeyed to the bedroom. Sandra went to the kitchen.,Where is Sandra?,kitchen,kitchen,True
34,Sandra moved to the hallway. Daniel went to the office. Sandra travelled to the kitchen. John moved to the office. Sandra went to the bathroom. Sandra moved to the kitchen. Sandra journeyed to the bedroom. Sandra went to the kitchen. John went to the garden. Sandra went to the bathroom.,Where is Sandra?,bathroom,bathroom,True
35,Mary went back to the bedroom. Mary moved to the office.,Where is Mary?,office,office,True
36,Mary went back to the bedroom. Mary moved to the office. Mary went back to the bathroom. Sandra moved to the hallway.,Where is Mary?,bathroom,bathroom,True
37,Mary went back to the bedroom. Mary moved to the office. Mary went back to the bathroom. Sandra moved to the hallway. Mary went to the garden. Sandra went to the kitchen.,Where is Mary?,garden,garden,True
38,Mary went back to the bedroom. Mary moved to the office. Mary went back to the bathroom. Sandra moved to the hallway. Mary went to the garden. Sandra went to the kitchen. Daniel journeyed to the bedroom. John journeyed to the hallway.,Where is Sandra?,kitchen,bedroom,False
39,Mary went back to the bedroom. Mary moved to the office. Mary went back to the bathroom. Sandra moved to the hallway. Mary went to the garden. Sandra went to the kitchen. Daniel journeyed to the bedroom. John journeyed to the hallway. Sandra moved to the office. Sandra journeyed to the garden.,Where is Daniel?,bedroom,office,False
40,Sandra went to the office. Sandra travelled to the bathroom.,Where is Sandra?,bathroom,bathroom,True
41,Sandra went to the office. Sandra travelled to the bathroom. Mary went back to the bedroom. Daniel moved to the garden.,Where is Daniel?,garden,garden,True
42,Sandra went to the office. Sandra travelled to the bathroom. Mary went back to the bedroom. Daniel moved to the garden. John journeyed to the garden. Daniel went back to the hallway.,Where is Sandra?,bathroom,garden,False
43,Sandra went to the office. Sandra travelled to the bathroom. Mary went back to the bedroom. Daniel moved to the garden. John journeyed to the garden. Daniel went back to the hallway. John journeyed to the bedroom. Mary travelled to the kitchen.,Where is Daniel?,hallway,hallway,True
44,Sandra went to the office. Sandra travelled to the bathroom. Mary went back to the bedroom. Daniel moved to the garden. John journeyed to the garden. Daniel went back to the hallway. John journeyed to the bedroom. Mary travelled to the kitchen. Sandra went to the bedroom. Daniel went to the garden.,Where is Daniel?,garden,garden,True
45,Mary went back to the kitchen. Daniel journeyed to the hallway.,Where is Mary?,kitchen,kitchen,True
46,Mary went back to the kitchen. Daniel journeyed to the hallway. Mary went back to the hallway. Sandra journeyed to the bedroom.,Where is Daniel?,hallway,hallway,True
47,Mary went back to the kitchen. Daniel journeyed to the hallway. Mary went back to the hallway. Sandra journeyed to the bedroom. Sandra moved to the garden. Sandra moved to the bathroom.,Where is Sandra?,bathroom,hallway,False
48,Mary went back to the kitchen. Daniel journeyed to the hallway. Mary went back to the hallway. Sandra journeyed to the bedroom. Sandra moved to the garden. Sandra moved to the bathroom. Daniel travelled to the bedroom. John moved to the office.,Where is John?,office,office,True
49,Mary went back to the kitchen. Daniel journeyed to the hallway. Mary went back to the hallway. Sandra journeyed to the bedroom. Sandra moved to the garden. Sandra moved to the bathroom. Daniel travelled to the bedroom. John moved to the office. Sandra moved to the hallway. John moved to the bedroom.,Where is John?,bedroom,bedroom,True
50,John journeyed to the hallway. John journeyed to the bedroom.,Where is John?,bedroom,hallway,False
51,John journeyed to the hallway. John journeyed to the bedroom. Daniel journeyed to the bedroom. John journeyed to the office.,Where is John?,office,office,True
52,John journeyed to the hallway. John journeyed to the bedroom. Daniel journeyed to the bedroom. John journeyed to the office. John moved to the garden. Daniel moved to the garden.,Where is John?,garden,garden,True
53,John journeyed to the hallway. John journeyed to the bedroom. Daniel journeyed to the bedroom. John journeyed to the office. John moved to the garden. Daniel moved to the garden. Daniel went back to the kitchen. Mary journeyed to the hallway.,Where is John?,garden,garden,True
54,John journeyed to the hallway. John journeyed to the bedroom. Daniel journeyed to the bedroom. John journeyed to the office. John moved to the garden. Daniel moved to the garden. Daniel went back to the kitchen. Mary journeyed to the hallway. John moved to the office. Mary journeyed to the kitchen.,Where is Daniel?,kitchen,kitchen,True
55,Mary went to the bedroom. Daniel journeyed to the bathroom.,Where is Mary?,bedroom,bedroom,True
56,Mary went to the bedroom. Daniel journeyed to the bathroom. Mary travelled to the kitchen. Daniel moved to the garden.,Where is Mary?,kitchen,kitchen,True
57,Mary went to the bedroom. Daniel journeyed to the bathroom. Mary travelled to the kitchen. Daniel moved to the garden. Sandra travelled to the bedroom. Mary journeyed to the hallway.,Where is Mary?,hallway,hallway,True
58,Mary went to the bedroom. Daniel journeyed to the bathroom. Mary travelled to the kitchen. Daniel moved to the garden. Sandra travelled to the bedroom. Mary journeyed to the hallway. Sandra went back to the office. Sandra went to the kitchen.,Where is Daniel?,garden,office,False
59,Mary went to the bedroom. Daniel journeyed to the bathroom. Mary travelled to the kitchen. Daniel moved to the garden. Sandra travelled to the bedroom. Mary journeyed to the hallway. Sandra went back to the office. Sandra went to the kitchen. Sandra went to the hallway. John moved to the office.,Where is Sandra?,hallway,kitchen,False
60,Sandra went back to the hallway. John moved to the hallway.,Where is Sandra?,hallway,hallway,True
61,Sandra went back to the hallway. John moved to the hallway. John travelled to the bathroom. Daniel travelled to the office.,Where is Daniel?,office,office,True
62,Sandra went back to the hallway. John moved to the hallway. John travelled to the bathroom. Daniel travelled to the office. John moved to the office. Sandra travelled to the bathroom.,Where is Sandra?,bathroom,bathroom,True
63,Sandra went back to the hallway. John moved to the hallway. John travelled to the bathroom. Daniel travelled to the office. John moved to the office. Sandra travelled to the bathroom. Daniel went back to the bedroom. Daniel went back to the garden.,Where is Daniel?,garden,garden,True
64,Sandra went back to the hallway. John moved to the hallway. John travelled to the bathroom. Daniel travelled to the office. John moved to the office. Sandra travelled to the bathroom. Daniel went back to the bedroom. Daniel went back to the garden. Sandra moved to the hallway. John went back to the bathroom.,Where is Daniel?,garden,bedroom,False
65,Mary went to the kitchen. John went back to the kitchen.,Where is John?,kitchen,kitchen,True
66,Mary went to the kitchen. John went back to the kitchen. Daniel went back to the hallway. Daniel went to the bathroom.,Where is John?,kitchen,kitchen,True
67,Mary went to the kitchen. John went back to the kitchen. Daniel went back to the hallway. Daniel went to the bathroom. Sandra travelled to the bathroom. Sandra travelled to the bedroom.,Where is Daniel?,bathroom,bathroom,True
68,Mary went to the kitchen. John went back to the kitchen. Daniel went back to the hallway. Daniel went to the bathroom. Sandra travelled to the bathroom. Sandra travelled to the bedroom. Daniel went to the kitchen. Daniel moved to the office.,Where is Daniel?,office,office,True
69,Mary went to the kitchen. John went back to the kitchen. Daniel went back to the hallway. Daniel went to the bathroom. Sandra travelled to the bathroom. Sandra travelled to the bedroom. Daniel went to the kitchen. Daniel moved to the office. Mary moved to the bathroom. Mary went back to the hallway.,Where is Daniel?,office,kitchen,False
70,Sandra journeyed to the bedroom. Mary journeyed to the garden.,Where is Mary?,garden,garden,True
71,Sandra journeyed to the bedroom. Mary journeyed to the garden. Sandra moved to the hallway. Mary travelled to the office.,Where is Sandra?,hallway,hallway,True
72,Sandra journeyed to the bedroom. Mary journeyed to the garden. Sandra moved to the hallway. Mary travelled to the office. Mary travelled to the kitchen. Mary journeyed to the garden.,Where is Mary?,garden,garden,True
73,Sandra journeyed to the bedroom. Mary journeyed to the garden. Sandra moved to the hallway. Mary travelled to the office. Mary travelled to the kitchen. Mary journeyed to the garden. John moved to the hallway. Mary went to the bedroom.,Where is Mary?,bedroom,bedroom,True
74,Sandra journeyed to the bedroom. Mary journeyed to the garden. Sandra moved to the hallway. Mary travelled to the office. Mary travelled to the kitchen. Mary journeyed to the garden. John moved to the hallway. Mary went to the bedroom. John moved to the bathroom. Mary went to the bathroom.,Where is Mary?,bathroom,bathroom,True
75,John travelled to the kitchen. Daniel went back to the kitchen.,Where is Daniel?,kitchen,kitchen,True
76,John travelled to the kitchen. Daniel went back to the kitchen. Daniel went to the garden. Mary went back to the office.,Where is John?,kitchen,kitchen,True
77,John travelled to the kitchen. Daniel went back to the kitchen. Daniel went to the garden. Mary went back to the office. Daniel journeyed to the office. Daniel moved to the kitchen.,Where is Daniel?,kitchen,kitchen,True
78,John travelled to the kitchen. Daniel went back to the kitchen. Daniel went to the garden. Mary went back to the office. Daniel journeyed to the office. Daniel moved to the kitchen. Daniel went back to the hallway. Sandra went back to the bedroom.,Where is Daniel?,hallway,hallway,True
79,John travelled to the kitchen. Daniel went back to the kitchen. Daniel went to the garden. Mary went back to the office. Daniel journeyed to the office. Daniel moved to the kitchen. Daniel went back to the hallway. Sandra went back to the bedroom. Sandra went to the garden. Daniel went back to the office.,Where is Daniel?,office,office,True
80,Daniel went to the garden. John travelled to the garden.,Where is John?,garden,garden,True
81,Daniel went to the garden. John travelled to the garden. John travelled to the bathroom. Mary went to the garden.,Where is John?,bathroom,bathroom,True
82,Daniel went to the garden. John travelled to the garden. John travelled to the bathroom. Mary went to the garden. Sandra moved to the kitchen. Sandra went back to the bedroom.,Where is Sandra?,bedroom,bedroom,True
83,Daniel went to the garden. John travelled to the garden. John travelled to the bathroom. Mary went to the garden. Sandra moved to the kitchen. Sandra went back to the bedroom. John journeyed to the office. Sandra went to the office.,Where is Mary?,garden,bedroom,False
84,Daniel went to the garden. John travelled to the garden. John travelled to the bathroom. Mary went to the garden. Sandra moved to the kitchen. Sandra went back to the bedroom. John journeyed to the office. Sandra went to the office. Mary travelled to the kitchen. Daniel travelled to the office.,Where is Daniel?,office,office,True
85,John travelled to the garden. Sandra travelled to the garden.,Where is Sandra?,garden,garden,True
86,John travelled to the garden. Sandra travelled to the garden. Mary journeyed to the office. Mary went to the garden.,Where is Mary?,garden,garden,True
87,John travelled to the garden. Sandra travelled to the garden. Mary journeyed to the office. Mary went to the garden. John went to the hallway. Mary went to the bedroom.,Where is John?,hallway,hallway,True
88,John travelled to the garden. Sandra travelled to the garden. Mary journeyed to the office. Mary went to the garden. John went to the hallway. Mary went to the bedroom. John went to the office. Sandra went back to the kitchen.,Where is Sandra?,kitchen,kitchen,True
89,John travelled to the garden. Sandra travelled to the garden. Mary journeyed to the office. Mary went to the garden. John went to the hallway. Mary went to the bedroom. John went to the office. Sandra went back to the kitchen. John travelled to the kitchen. Daniel went back to the kitchen.,Where is Daniel?,kitchen,kitchen,True
90,Sandra moved to the kitchen. Sandra went back to the bathroom.,Where is Sandra?,bathroom,bathroom,True
91,Sandra moved to the kitchen. Sandra went back to the bathroom. Mary journeyed to the bedroom. John journeyed to the bathroom.,Where is John?,bathroom,bathroom,True
92,Sandra moved to the kitchen. Sandra went back to the bathroom. Mary journeyed to the bedroom. John journeyed to the bathroom. Sandra moved to the bedroom. Sandra travelled to the hallway.,Where is Sandra?,hallway,hallway,True
93,Sandra moved to the kitchen. Sandra went back to the bathroom. Mary journeyed to the bedroom. John journeyed to the bathroom. Sandra moved to the bedroom. Sandra travelled to the hallway. Sandra travelled to the garden. Sandra travelled to the bathroom.,Where is Sandra?,bathroom,hallway,False
94,Sandra moved to the kitchen. Sandra went back to the bathroom. Mary journeyed to the bedroom. John journeyed to the bathroom. Sandra moved to the bedroom. Sandra travelled to the hallway. Sandra travelled to the garden. Sandra travelled to the bathroom. Daniel journeyed to the kitchen. John journeyed to the office.,Where is Sandra?,bathroom,kitchen,False
95,John travelled to the kitchen. Sandra moved to the kitchen.,Where is John?,kitchen,kitchen,True
96,John travelled to the kitchen. Sandra moved to the kitchen. Daniel went to the kitchen. John journeyed to the hallway.,Where is Sandra?,kitchen,kitchen,True
97,John travelled to the kitchen. Sandra moved to the kitchen. Daniel went to the kitchen. John journeyed to the hallway. Mary journeyed to the bedroom. Mary journeyed to the kitchen.,Where is Mary?,kitchen,kitchen,True
98,John travelled to the kitchen. Sandra moved to the kitchen. Daniel went to the kitchen. John journeyed to the hallway. Mary journeyed to the bedroom. Mary journeyed to the kitchen. Mary travelled to the bedroom. Sandra travelled to the bedroom.,Where is Mary?,bedroom,bedroom,True
99,John travelled to the kitchen. Sandra moved to the kitchen. Daniel went to the kitchen. John journeyed to the hallway. Mary journeyed to the bedroom. Mary journeyed to the kitchen. Mary travelled to the bedroom. Sandra travelled to the bedroom. John went to the office. John went back to the kitchen.,Where is Mary?,bedroom,kitchen,False
100,Mary travelled to the garden. Mary moved to the bedroom.,Where is Mary?,bedroom,bedroom,True
101,Mary travelled to the garden. Mary moved to the bedroom. Sandra went to the bathroom. Daniel travelled to the bathroom.,Where is Sandra?,bathroom,bathroom,True
102,Mary travelled to the garden. Mary moved to the bedroom. Sandra went to the bathroom. Daniel travelled to the bathroom. Mary travelled to the office. Daniel moved to the hallway.,Where is Mary?,office,office,True
103,Mary travelled to the garden. Mary moved to the bedroom. Sandra went to the bathroom. Daniel travelled to the bathroom. Mary travelled to the office. Daniel moved to the hallway. John moved to the kitchen. Daniel went to the garden.,Where is Daniel?,garden,garden,True
104,Mary travelled to the garden. Mary moved to the bedroom. Sandra went to the bathroom. Daniel travelled to the bathroom. Mary travelled to the office. Daniel moved to the hallway. John moved to the kitchen. Daniel went to the garden. Mary journeyed to the garden. John journeyed to the bedroom.,Where is Daniel?,garden,garden,True
105,Mary journeyed to the office. Mary moved to the hallway.,Where is Mary?,hallway,hallway,True
106,Mary journeyed to the office. Mary moved to the hallway. John journeyed to the hallway. Daniel travelled to the bedroom.,Where is Daniel?,bedroom,bedroom,True
107,Mary journeyed to the office. Mary moved to the hallway. John journeyed to the hallway. Daniel travelled to the bedroom. Daniel travelled to the bathroom. John travelled to the kitchen.,Where is Daniel?,bathroom,bathroom,True
108,Mary journeyed to the office. Mary moved to the hallway. John journeyed to the hallway. Daniel travelled to the bedroom. Daniel travelled to the bathroom. John travelled to the kitchen. Daniel moved to the office. Mary went to the garden.,Where is Daniel?,office,office,True
109,Mary journeyed to the office. Mary moved to the hallway. John journeyed to the hallway. Daniel travelled to the bedroom. Daniel travelled to the bathroom. John travelled to the kitchen. Daniel moved to the office. Mary went to the garden. Daniel moved to the kitchen. John travelled to the bedroom.,Where is John?,bedroom,bedroom,True
110,Daniel went to the office. Daniel travelled to the bathroom.,Where is Daniel?,bathroom,bathroom,True
111,Daniel went to the office. Daniel travelled to the bathroom. John travelled to the kitchen. John went to the bedroom.,Where is Daniel?,bathroom,bathroom,True
112,Daniel went to the office. Daniel travelled to the bathroom. John travelled to the kitchen. John went to the bedroom. John went to the office. John journeyed to the kitchen.,Where is John?,kitchen,kitchen,True
113,Daniel went to the office. Daniel travelled to the bathroom. John travelled to the kitchen. John went to the bedroom. John went to the office. John journeyed to the kitchen. Mary moved to the kitchen. John went back to the hallway.,Where is John?,hallway,hallway,True
114,Daniel went to the office. Daniel travelled to the bathroom. John travelled to the kitchen. John went to the bedroom. John went to the office. John journeyed to the kitchen. Mary moved to the kitchen. John went back to the hallway. Sandra went to the bathroom. Sandra moved to the office.,Where is Mary?,kitchen,kitchen,True
115,Sandra went back to the garden. John moved to the office.,Where is Sandra?,garden,garden,True
116,Sandra went back to the garden. John moved to the office. Sandra travelled to the bathroom. Mary went back to the kitchen.,Where is John?,office,office,True
117,Sandra went back to the garden. John moved to the office. Sandra travelled to the bathroom. Mary went back to the kitchen. John went to the bathroom. Daniel travelled to the bathroom.,Where is Mary?,kitchen,kitchen,True
118,Sandra went back to the garden. John moved to the office. Sandra travelled to the bathroom. Mary went back to the kitchen. John went to the bathroom. Daniel travelled to the bathroom. John went back to the kitchen. John went to the hallway.,Where is Daniel?,bathroom,bathroom,True
119,Sandra went back to the garden. John moved to the office. Sandra travelled to the bathroom. Mary went back to the kitchen. John went to the bathroom. Daniel travelled to the bathroom. John went back to the kitchen. John went to the hallway. Daniel journeyed to the garden. Daniel went back to the office.,Where is Daniel?,office,office,True
120,Daniel journeyed to the office. Daniel travelled to the bedroom.,Where is Daniel?,bedroom,bedroom,True
121,Daniel journeyed to the office. Daniel travelled to the bedroom. Sandra travelled to the bathroom. Mary journeyed to the bathroom.,Where is Mary?,bathroom,bathroom,True
122,Daniel journeyed to the office. Daniel travelled to the bedroom. Sandra travelled to the bathroom. Mary journeyed to the bathroom. John went back to the office. Mary journeyed to the kitchen.,Where is Daniel?,bedroom,bathroom,False
123,Daniel journeyed to the office. Daniel travelled to the bedroom. Sandra travelled to the bathroom. Mary journeyed to the bathroom. John went back to the office. Mary journeyed to the kitchen. Daniel journeyed to the hallway. John travelled to the bathroom.,Where is Daniel?,hallway,kitchen,False
124,Daniel journeyed to the office. Daniel travelled to the bedroom. Sandra travelled to the bathroom. Mary journeyed to the bathroom. John went back to the office. Mary journeyed to the kitchen. Daniel journeyed to the hallway. John travelled to the bathroom. Mary travelled to the bedroom. John travelled to the office.,Where is Mary?,bedroom,bedroom,True
125,John moved to the kitchen. Sandra travelled to the office.,Where is Sandra?,office,office,True
126,John moved to the kitchen. Sandra travelled to the office. Daniel went to the garden. John journeyed to the garden.,Where is John?,garden,garden,True
127,John moved to the kitchen. Sandra travelled to the office. Daniel went to the garden. John journeyed to the garden. Sandra moved to the kitchen. John went back to the office.,Where is Daniel?,garden,kitchen,False
128,John moved to the kitchen. Sandra travelled to the office. Daniel went to the garden. John journeyed to the garden. Sandra moved to the kitchen. John went back to the office. Mary moved to the bedroom. Sandra travelled to the garden.,Where is Sandra?,garden,garden,True
129,John moved to the kitchen. Sandra travelled to the office. Daniel went to the garden. John journeyed to the garden. Sandra moved to the kitchen. John went back to the office. Mary moved to the bedroom. Sandra travelled to the garden. Sandra moved to the bathroom. Mary journeyed to the garden.,Where is Sandra?,bathroom,bathroom,True
130,Mary journeyed to the hallway. Sandra journeyed to the garden.,Where is Sandra?,garden,hallway,False
131,Mary journeyed to the hallway. Sandra journeyed to the garden. John went back to the bedroom. Sandra went back to the office.,Where is Mary?,hallway,bedroom,False
132,Mary journeyed to the hallway. Sandra journeyed to the garden. John went back to the bedroom. Sandra went back to the office. Sandra travelled to the bathroom. John journeyed to the kitchen.,Where is Sandra?,bathroom,bathroom,True
133,Mary journeyed to the hallway. Sandra journeyed to the garden. John went back to the bedroom. Sandra went back to the office. Sandra travelled to the bathroom. John journeyed to the kitchen. Sandra moved to the garden. Mary went to the bedroom.,Where is Sandra?,garden,garden,True
134,Mary journeyed to the hallway. Sandra journeyed to the garden. John went back to the bedroom. Sandra went back to the office. Sandra travelled to the bathroom. John journeyed to the kitchen. Sandra moved to the garden. Mary went to the bedroom. Daniel journeyed to the garden. Sandra journeyed to the bedroom.,Where is John?,kitchen,kitchen,True
135,Daniel moved to the kitchen. Sandra travelled to the bathroom.,Where is Sandra?,bathroom,bathroom,True
136,Daniel moved to the kitchen. Sandra travelled to the bathroom. Sandra travelled to the office. Daniel journeyed to the office.,Where is Sandra?,office,office,True
137,Daniel moved to the kitchen. Sandra travelled to the bathroom. Sandra travelled to the office. Daniel journeyed to the office. Sandra went back to the bedroom. John moved to the kitchen.,Where is John?,kitchen,kitchen,True
138,Daniel moved to the kitchen. Sandra travelled to the bathroom. Sandra travelled to the office. Daniel journeyed to the office. Sandra went back to the bedroom. John moved to the kitchen. Sandra travelled to the bathroom. John moved to the bathroom.,Where is Sandra?,bathroom,bathroom,True
139,Daniel moved to the kitchen. Sandra travelled to the bathroom. Sandra travelled to the office. Daniel journeyed to the office. Sandra went back to the bedroom. John moved to the kitchen. Sandra travelled to the bathroom. John moved to the bathroom. Mary moved to the garden. Daniel journeyed to the bathroom.,Where is John?,bathroom,bathroom,True
140,Mary journeyed to the garden. Mary travelled to the office.,Where is Mary?,office,office,True
141,Mary journeyed to the garden. Mary travelled to the office. Mary went to the hallway. John journeyed to the hallway.,Where is Mary?,hallway,hallway,True
142,Mary journeyed to the garden. Mary travelled to the office. Mary went to the hallway. John journeyed to the hallway. John moved to the bathroom. Sandra went to the office.,Where is Mary?,hallway,hallway,True
143,Mary journeyed to the garden. Mary travelled to the office. Mary went to the hallway. John journeyed to the hallway. John moved to the bathroom. Sandra went to the office. Daniel travelled to the kitchen. Mary travelled to the bathroom.,Where is Sandra?,office,kitchen,False
144,Mary journeyed to the garden. Mary travelled to the office. Mary went to the hallway. John journeyed to the hallway. John moved to the bathroom. Sandra went to the office. Daniel travelled to the kitchen. Mary travelled to the bathroom. Daniel travelled to the hallway. Sandra went to the bedroom.,Where is Sandra?,bedroom,bedroom,True
145,Daniel went to the bedroom. Sandra went to the kitchen.,Where is Sandra?,kitchen,bedroom,False
146,Daniel went to the bedroom. Sandra went to the kitchen. Daniel moved to the kitchen. John went back to the bedroom.,Where is Sandra?,kitchen,kitchen,True
147,Daniel went to the bedroom. Sandra went to the kitchen. Daniel moved to the kitchen. John went back to the bedroom. Daniel journeyed to the bedroom. Daniel travelled to the kitchen.,Where is Daniel?,kitchen,kitchen,True
148,Daniel went to the bedroom. Sandra went to the kitchen. Daniel moved to the kitchen. John went back to the bedroom. Daniel journeyed to the bedroom. Daniel travelled to the kitchen. Sandra went back to the bathroom. Sandra went to the kitchen.,Where is Sandra?,kitchen,kitchen,True
149,Daniel went to the bedroom. Sandra went to the kitchen. Daniel moved to the kitchen. John went back to the bedroom. Daniel journeyed to the bedroom. Daniel travelled to the kitchen. Sandra went back to the bathroom. Sandra went to the kitchen. John travelled to the garden. Sandra travelled to the office.,Where is Daniel?,kitchen,kitchen,True
150,Mary travelled to the bedroom. Daniel went back to the garden.,Where is Daniel?,garden,garden,True
151,Mary travelled to the bedroom. Daniel went back to the garden. Sandra moved to the garden. Daniel went back to the bathroom.,Where is Sandra?,garden,garden,True
152,Mary travelled to the bedroom. Daniel went back to the garden. Sandra moved to the garden. Daniel went back to the bathroom. John moved to the office. Sandra travelled to the office.,Where is Daniel?,bathroom,bathroom,True
153,Mary travelled to the bedroom. Daniel went back to the garden. Sandra moved to the garden. Daniel went back to the bathroom. John moved to the office. Sandra travelled to the office. Daniel went back to the office. Mary moved to the office.,Where is Daniel?,office,office,True
154,Mary travelled to the bedroom. Daniel went back to the garden. Sandra moved to the garden. Daniel went back to the bathroom. John moved to the office. Sandra travelled to the office. Daniel went back to the office. Mary moved to the office. John travelled to the hallway. John travelled to the bedroom.,Where is John?,bedroom,bedroom,True
155,Mary moved to the bathroom. Daniel journeyed to the bedroom.,Where is Mary?,bathroom,bathroom,True
156,Mary moved to the bathroom. Daniel journeyed to the bedroom. Daniel went to the garden. John went to the bedroom.,Where is Daniel?,garden,garden,True
157,Mary moved to the bathroom. Daniel journeyed to the bedroom. Daniel went to the garden. John went to the bedroom. Sandra journeyed to the office. Sandra went to the bathroom.,Where is John?,bedroom,bedroom,True
158,Mary moved to the bathroom. Daniel journeyed to the bedroom. Daniel went to the garden. John went to the bedroom. Sandra journeyed to the office. Sandra went to the bathroom. Sandra went to the bedroom. John went back to the office.,Where is John?,office,office,True
159,Mary moved to the bathroom. Daniel journeyed to the bedroom. Daniel went to the garden. John went to the bedroom. Sandra journeyed to the office. Sandra went to the bathroom. Sandra went to the bedroom. John went back to the office. Mary went back to the office. Mary journeyed to the hallway.,Where is Mary?,hallway,hallway,True
160,Daniel moved to the bedroom. Sandra journeyed to the hallway.,Where is Daniel?,bedroom,bedroom,True
161,Daniel moved to the bedroom. Sandra journeyed to the hallway. Mary journeyed to the kitchen. Mary went back to the bathroom.,Where is Daniel?,bedroom,hallway,False
162,Daniel moved to the bedroom. Sandra journeyed to the hallway. Mary journeyed to the kitchen. Mary went back to the bathroom. Mary journeyed to the hallway. Mary went to the bedroom.,Where is Mary?,bedroom,bedroom,True
163,Daniel moved to the bedroom. Sandra journeyed to the hallway. Mary journeyed to the kitchen. Mary went back to the bathroom. Mary journeyed to the hallway. Mary went to the bedroom. Mary moved to the garden. Sandra travelled to the office.,Where is Mary?,garden,garden,True
164,Daniel moved to the bedroom. Sandra journeyed to the hallway. Mary journeyed to the kitchen. Mary went back to the bathroom. Mary journeyed to the hallway. Mary went to the bedroom. Mary moved to the garden. Sandra travelled to the office. Daniel travelled to the bathroom. Sandra went back to the bathroom.,Where is Daniel?,bathroom,bathroom,True
165,Mary went back to the hallway. Sandra went back to the garden.,Where is Sandra?,garden,garden,True
166,Mary went back to the hallway. Sandra went back to the garden. Mary went to the office. Daniel travelled to the garden.,Where is Sandra?,garden,garden,True
167,Mary went back to the hallway. Sandra went back to the garden. Mary went to the office. Daniel travelled to the garden. Mary went to the bedroom. Sandra went back to the kitchen.,Where is Daniel?,garden,garden,True
168,Mary went back to the hallway. Sandra went back to the garden. Mary went to the office. Daniel travelled to the garden. Mary went to the bedroom. Sandra went back to the kitchen. Daniel went to the kitchen. John moved to the hallway.,Where is Daniel?,kitchen,kitchen,True
169,Mary went back to the hallway. Sandra went back to the garden. Mary went to the office. Daniel travelled to the garden. Mary went to the bedroom. Sandra went back to the kitchen. Daniel went to the kitchen. John moved to the hallway. Mary went back to the kitchen. Mary moved to the bedroom.,Where is Mary?,bedroom,bedroom,True
170,Daniel journeyed to the kitchen. Daniel journeyed to the office.,Where is Daniel?,office,office,True
171,Daniel journeyed to the kitchen. Daniel journeyed to the office. Mary travelled to the hallway. John moved to the garden.,Where is Daniel?,office,office,True
172,Daniel journeyed to the kitchen. Daniel journeyed to the office. Mary travelled to the hallway. John moved to the garden. Mary travelled to the office. Mary travelled to the garden.,Where is John?,garden,garden,True
173,Daniel journeyed to the kitchen. Daniel journeyed to the office. Mary travelled to the hallway. John moved to the garden. Mary travelled to the office. Mary travelled to the garden. John travelled to the hallway. Sandra went back to the bathroom.,Where is Sandra?,bathroom,hallway,False
174,Daniel journeyed to the kitchen. Daniel journeyed to the office. Mary travelled to the hallway. John moved to the garden. Mary travelled to the office. Mary travelled to the garden. John travelled to the hallway. Sandra went back to the bathroom. Mary moved to the hallway. Daniel moved to the bedroom.,Where is Sandra?,bathroom,garden,False
175,Sandra went to the kitchen. Sandra went to the office.,Where is Sandra?,office,office,True
176,Sandra went to the kitchen. Sandra went to the office. Sandra travelled to the hallway. Sandra went back to the kitchen.,Where is Sandra?,kitchen,kitchen,True
177,Sandra went to the kitchen. Sandra went to the office. Sandra travelled to the hallway. Sandra went back to the kitchen. Mary travelled to the hallway. Sandra went to the bedroom.,Where is Sandra?,bedroom,bedroom,True
178,Sandra went to the kitchen. Sandra went to the office. Sandra travelled to the hallway. Sandra went back to the kitchen. Mary travelled to the hallway. Sandra went to the bedroom. John went to the garden. Sandra travelled to the office.,Where is Sandra?,office,office,True
179,Sandra went to the kitchen. Sandra went to the office. Sandra travelled to the hallway. Sandra went back to the kitchen. Mary travelled to the hallway. Sandra went to the bedroom. John went to the garden. Sandra travelled to the office. John journeyed to the office. Daniel journeyed to the kitchen.,Where is Sandra?,office,office,True
180,Mary travelled to the office. Mary went back to the hallway.,Where is Mary?,hallway,hallway,True
181,Mary travelled to the office. Mary went back to the hallway. John travelled to the hallway. Daniel went back to the office.,Where is Mary?,hallway,hallway,True
182,Mary travelled to the office. Mary went back to the hallway. John travelled to the hallway. Daniel went back to the office. John went to the office. Daniel journeyed to the hallway.,Where is Daniel?,hallway,hallway,True
183,Mary travelled to the office. Mary went back to the hallway. John travelled to the hallway. Daniel went back to the office. John went to the office. Daniel journeyed to the hallway. Mary moved to the office. Mary moved to the hallway.,Where is Mary?,hallway,hallway,True
184,Mary travelled to the office. Mary went back to the hallway. John travelled to the hallway. Daniel went back to the office. John went to the office. Daniel journeyed to the hallway. Mary moved to the office. Mary moved to the hallway. John travelled to the kitchen. Sandra went to the bedroom.,Where is Sandra?,bedroom,bedroom,True
185,Mary went back to the kitchen. John went to the bathroom.,Where is John?,bathroom,hallway,False
186,Mary went back to the kitchen. John went to the bathroom. Daniel travelled to the office. Sandra journeyed to the bathroom.,Where is Daniel?,office,office,True
187,Mary went back to the kitchen. John went to the bathroom. Daniel travelled to the office. Sandra journeyed to the bathroom. Daniel went to the bedroom. Mary moved to the garden.,Where is Mary?,garden,garden,True
188,Mary went back to the kitchen. John went to the bathroom. Daniel travelled to the office. Sandra journeyed to the bathroom. Daniel went to the bedroom. Mary moved to the garden. Mary went to the bathroom. Sandra journeyed to the kitchen.,Where is Sandra?,kitchen,kitchen,True
189,Mary went back to the kitchen. John went to the bathroom. Daniel travelled to the office. Sandra journeyed to the bathroom. Daniel went to the bedroom. Mary moved to the garden. Mary went to the bathroom. Sandra journeyed to the kitchen. Sandra went back to the office. John travelled to the hallway.,Where is Sandra?,office,office,True
190,Sandra travelled to the hallway. Mary went back to the hallway.,Where is Mary?,hallway,hallway,True
191,Sandra travelled to the hallway. Mary went back to the hallway. Mary moved to the office. Sandra journeyed to the kitchen.,Where is Sandra?,kitchen,kitchen,True
192,Sandra travelled to the hallway. Mary went back to the hallway. Mary moved to the office. Sandra journeyed to the kitchen. John journeyed to the bathroom. Sandra went to the garden.,Where is Sandra?,garden,garden,True
193,Sandra travelled to the hallway. Mary went back to the hallway. Mary moved to the office. Sandra journeyed to the kitchen. John journeyed to the bathroom. Sandra went to the garden. Sandra journeyed to the hallway. John moved to the bedroom.,Where is Sandra?,hallway,hallway,True
194,Sandra travelled to the hallway. Mary went back to the hallway. Mary moved to the office. Sandra journeyed to the kitchen. John journeyed to the bathroom. Sandra went to the garden. Sandra journeyed to the hallway. John moved to the bedroom. John travelled to the hallway. John journeyed to the office.,Where is Sandra?,hallway,hallway,True
195,John went to the office. Mary travelled to the garden.,Where is Mary?,garden,garden,True
196,John went to the office. Mary travelled to the garden. Daniel journeyed to the kitchen. Mary went back to the bedroom.,Where is John?,office,office,True
197,John went to the office. Mary travelled to the garden. Daniel journeyed to the kitchen. Mary went back to the bedroom. Mary travelled to the office. John travelled to the bathroom.,Where is Daniel?,kitchen,kitchen,True
198,John went to the office. Mary travelled to the garden. Daniel journeyed to the kitchen. Mary went back to the bedroom. Mary travelled to the office. John travelled to the bathroom. Mary went to the bathroom. John travelled to the kitchen.,Where is Mary?,bathroom,bathroom,True
199,John went to the office. Mary travelled to the garden. Daniel journeyed to the kitchen. Mary went back to the bedroom. Mary travelled to the office. John travelled to the bathroom. Mary went to the bathroom. John travelled to the kitchen. John went back to the bathroom. John went back to the bedroom.,Where is John?,bedroom,bedroom,True
200,Mary moved to the hallway. Daniel travelled to the office.,Where is Mary?,hallway,hallway,True
201,Mary moved to the hallway. Daniel travelled to the office. John went back to the hallway. John moved to the office.,Where is John?,office,office,True
202,Mary moved to the hallway. Daniel travelled to the office. John went back to the hallway. John moved to the office. Sandra journeyed to the kitchen. Mary moved to the bedroom.,Where is Daniel?,office,kitchen,False
203,Mary moved to the hallway. Daniel travelled to the office. John went back to the hallway. John moved to the office. Sandra journeyed to the kitchen. Mary moved to the bedroom. John went back to the kitchen. Sandra went to the bedroom.,Where is Sandra?,bedroom,bedroom,True
204,Mary moved to the hallway. Daniel travelled to the office. John went back to the hallway. John moved to the office. Sandra journeyed to the kitchen. Mary moved to the bedroom. John went back to the kitchen. Sandra went to the bedroom. Sandra travelled to the hallway. Daniel went to the bedroom.,Where is Sandra?,hallway,hallway,True
205,Mary moved to the hallway. Sandra travelled to the bathroom.,Where is Sandra?,bathroom,bathroom,True
206,Mary moved to the hallway. Sandra travelled to the bathroom. Mary travelled to the kitchen. Sandra went to the garden.,Where is Mary?,kitchen,kitchen,True
207,Mary moved to the hallway. Sandra travelled to the bathroom. Mary travelled to the kitchen. Sandra went to the garden. Sandra travelled to the hallway. John went to the hallway.,Where is Sandra?,hallway,hallway,True
208,Mary moved to the hallway. Sandra travelled to the bathroom. Mary travelled to the kitchen. Sandra went to the garden. Sandra travelled to the hallway. John went to the hallway. Daniel went to the bathroom. Sandra journeyed to the bedroom.,Where is Daniel?,bathroom,bedroom,False
209,Mary moved to the hallway. Sandra travelled to the bathroom. Mary travelled to the kitchen. Sandra went to the garden. Sandra travelled to the hallway. John went to the hallway. Daniel went to the bathroom. Sandra journeyed to the bedroom. Mary moved to the garden. Sandra went to the kitchen.,Where is John?,hallway,hallway,True
210,John moved to the bathroom. Sandra moved to the garden.,Where is John?,bathroom,bathroom,True
211,John moved to the bathroom. Sandra moved to the garden. John went back to the office. John travelled to the bedroom.,Where is John?,bedroom,bedroom,True
212,John moved to the bathroom. Sandra moved to the garden. John went back to the office. John travelled to the bedroom. Daniel moved to the hallway. Sandra moved to the bathroom.,Where is Daniel?,hallway,hallway,True
213,John moved to the bathroom. Sandra moved to the garden. John went back to the office. John travelled to the bedroom. Daniel moved to the hallway. Sandra moved to the bathroom. Mary went back to the bedroom. Daniel went back to the bathroom.,Where is Mary?,bedroom,bedroom,True
214,John moved to the bathroom. Sandra moved to the garden. John went back to the office. John travelled to the bedroom. Daniel moved to the hallway. Sandra moved to the bathroom. Mary went back to the bedroom. Daniel went back to the bathroom. Mary went to the kitchen. Mary went to the bedroom.,Where is Sandra?,bathroom,bathroom,True
215,Mary travelled to the bedroom. John went back to the hallway.,Where is Mary?,bedroom,bedroom,True
216,Mary travelled to the bedroom. John went back to the hallway. John moved to the bathroom. Sandra journeyed to the garden.,Where is John?,bathroom,bathroom,True
217,Mary travelled to the bedroom. John went back to the hallway. John moved to the bathroom. Sandra journeyed to the garden. Daniel moved to the kitchen. John went to the hallway.,Where is John?,hallway,hallway,True
218,Mary travelled to the bedroom. John went back to the hallway. John moved to the bathroom. Sandra journeyed to the garden. Daniel moved to the kitchen. John went to the hallway. Sandra moved to the hallway. John journeyed to the bathroom.,Where is Sandra?,hallway,kitchen,False
219,Mary travelled to the bedroom. John went back to the hallway. John moved to the bathroom. Sandra journeyed to the garden. Daniel moved to the kitchen. John went to the hallway. Sandra moved to the hallway. John journeyed to the bathroom. Daniel went back to the garden. Mary went to the garden.,Where is John?,bathroom,bathroom,True
220,Mary travelled to the bathroom. Daniel went back to the hallway.,Where is Mary?,bathroom,bathroom,True
221,Mary travelled to the bathroom. Daniel went back to the hallway. Sandra went back to the office. Sandra went back to the hallway.,Where is Daniel?,hallway,hallway,True
222,Mary travelled to the bathroom. Daniel went back to the hallway. Sandra went back to the office. Sandra went back to the hallway. John went back to the bathroom. Daniel went to the kitchen.,Where is Daniel?,kitchen,kitchen,True
223,Mary travelled to the bathroom. Daniel went back to the hallway. Sandra went back to the office. Sandra went back to the hallway. John went back to the bathroom. Daniel went to the kitchen. John moved to the kitchen. Daniel went to the bedroom.,Where is Sandra?,hallway,kitchen,False
224,Mary travelled to the bathroom. Daniel went back to the hallway. Sandra went back to the office. Sandra went back to the hallway. John went back to the bathroom. Daniel went to the kitchen. John moved to the kitchen. Daniel went to the bedroom. Sandra journeyed to the kitchen. John moved to the bedroom.,Where is John?,bedroom,bedroom,True
225,Daniel travelled to the hallway. John moved to the office.,Where is John?,office,office,True
226,Daniel travelled to the hallway. John moved to the office. John went to the bathroom. John travelled to the office.,Where is Daniel?,hallway,hallway,True
227,Daniel travelled to the hallway. John moved to the office. John went to the bathroom. John travelled to the office. Daniel moved to the bathroom. Sandra moved to the garden.,Where is Sandra?,garden,garden,True
228,Daniel travelled to the hallway. John moved to the office. John went to the bathroom. John travelled to the office. Daniel moved to the bathroom. Sandra moved to the garden. John travelled to the kitchen. John went back to the bathroom.,Where is John?,bathroom,bathroom,True
229,Daniel travelled to the hallway. John moved to the office. John went to the bathroom. John travelled to the office. Daniel moved to the bathroom. Sandra moved to the garden. John travelled to the kitchen. John went back to the bathroom. Sandra travelled to the office. Mary travelled to the office.,Where is John?,bathroom,bathroom,True
230,Sandra travelled to the bathroom. Daniel went to the office.,Where is Daniel?,office,office,True
231,Sandra travelled to the bathroom. Daniel went to the office. Mary went back to the garden. John went back to the kitchen.,Where is Mary?,garden,garden,True
232,Sandra travelled to the bathroom. Daniel went to the office. Mary went back to the garden. John went back to the kitchen. Daniel moved to the hallway. Sandra moved to the garden.,Where is Daniel?,hallway,hallway,True
233,Sandra travelled to the bathroom. Daniel went to the office. Mary went back to the garden. John went back to the kitchen. Daniel moved to the hallway. Sandra moved to the garden. John went back to the hallway. Daniel went back to the office.,Where is Daniel?,office,office,True
234,Sandra travelled to the bathroom. Daniel went to the office. Mary went back to the garden. John went back to the kitchen. Daniel moved to the hallway. Sandra moved to the garden. John went back to the hallway. Daniel went back to the office. Mary moved to the hallway. Mary moved to the bathroom.,Where is John?,hallway,hallway,True
235,Daniel went to the garden. Mary moved to the bedroom.,Where is Mary?,bedroom,bedroom,True
236,Daniel went to the garden. Mary moved to the bedroom. Daniel journeyed to the bathroom. Sandra journeyed to the bathroom.,Where is Mary?,bedroom,bedroom,True
237,Daniel went to the garden. Mary moved to the bedroom. Daniel journeyed to the bathroom. Sandra journeyed to the bathroom. Daniel moved to the hallway. Sandra journeyed to the kitchen.,Where is Mary?,bedroom,bedroom,True
238,Daniel went to the garden. Mary moved to the bedroom. Daniel journeyed to the bathroom. Sandra journeyed to the bathroom. Daniel moved to the hallway. Sandra journeyed to the kitchen. Sandra moved to the office. Daniel travelled to the bedroom.,Where is Daniel?,bedroom,bedroom,True
239,Daniel went to the garden. Mary moved to the bedroom. Daniel journeyed to the bathroom. Sandra journeyed to the bathroom. Daniel moved to the hallway. Sandra journeyed to the kitchen. Sandra moved to the office. Daniel travelled to the bedroom. Mary went back to the office. Daniel went back to the kitchen.,Where is Sandra?,office,bedroom,False
240,Mary went back to the hallway. Daniel went to the hallway.,Where is Daniel?,hallway,hallway,True
241,Mary went back to the hallway. Daniel went to the hallway. John travelled to the bathroom. Mary moved to the kitchen.,Where is Mary?,kitchen,kitchen,True
242,Mary went back to the hallway. Daniel went to the hallway. John travelled to the bathroom. Mary moved to the kitchen. Sandra journeyed to the kitchen. Mary journeyed to the garden.,Where is Mary?,garden,garden,True
243,Mary went back to the hallway. Daniel went to the hallway. John travelled to the bathroom. Mary moved to the kitchen. Sandra journeyed to the kitchen. Mary journeyed to the garden. Daniel went back to the bedroom. John went back to the hallway.,Where is Mary?,garden,bedroom,False
244,Mary went back to the hallway. Daniel went to the hallway. John travelled to the bathroom. Mary moved to the kitchen. Sandra journeyed to the kitchen. Mary journeyed to the garden. Daniel went back to the bedroom. John went back to the hallway. Mary moved to the office. Mary went back to the kitchen.,Where is Mary?,kitchen,kitchen,True
245,Daniel travelled to the kitchen. John journeyed to the kitchen.,Where is John?,kitchen,kitchen,True
246,Daniel travelled to the kitchen. John journeyed to the kitchen. Sandra moved to the kitchen. Sandra went to the garden.,Where is Sandra?,garden,garden,True
247,Daniel travelled to the kitchen. John journeyed to the kitchen. Sandra moved to the kitchen. Sandra went to the garden. John travelled to the office. Daniel went to the bathroom.,Where is Sandra?,garden,garden,True
248,Daniel travelled to the kitchen. John journeyed to the kitchen. Sandra moved to the kitchen. Sandra went to the garden. John travelled to the office. Daniel went to the bathroom. Mary went back to the kitchen. Daniel moved to the kitchen.,Where is Sandra?,garden,bathroom,False
249,Daniel travelled to the kitchen. John journeyed to the kitchen. Sandra moved to the kitchen. Sandra went to the garden. John travelled to the office. Daniel went to the bathroom. Mary went back to the kitchen. Daniel moved to the kitchen. Mary journeyed to the bathroom. Daniel moved to the garden.,Where is Daniel?,garden,garden,True
250,Mary went back to the office. Daniel went to the bedroom.,Where is Daniel?,bedroom,bedroom,True
251,Mary went back to the office. Daniel went to the bedroom. Sandra moved to the bedroom. Daniel travelled to the kitchen.,Where is Mary?,office,office,True
252,Mary went back to the office. Daniel went to the bedroom. Sandra moved to the bedroom. Daniel travelled to the kitchen. Daniel travelled to the garden. Daniel moved to the bathroom.,Where is Daniel?,bathroom,hallway,False
253,Mary went back to the office. Daniel went to the bedroom. Sandra moved to the bedroom. Daniel travelled to the kitchen. Daniel travelled to the garden. Daniel moved to the bathroom. Sandra journeyed to the garden. John went to the bedroom.,Where is Daniel?,bathroom,garden,False
254,Mary went back to the office. Daniel went to the bedroom. Sandra moved to the bedroom. Daniel travelled to the kitchen. Daniel travelled to the garden. Daniel moved to the bathroom. Sandra journeyed to the garden. John went to the bedroom. John went back to the office. John journeyed to the bedroom.,Where is John?,bedroom,bedroom,True
255,Sandra moved to the garden. John journeyed to the bedroom.,Where is John?,bedroom,bedroom,True
256,Sandra moved to the garden. John journeyed to the bedroom. Mary went back to the bedroom. Sandra travelled to the office.,Where is Sandra?,office,office,True
257,Sandra moved to the garden. John journeyed to the bedroom. Mary went back to the bedroom. Sandra travelled to the office. John travelled to the bathroom. Mary travelled to the garden.,Where is Sandra?,office,office,True
258,Sandra moved to the garden. John journeyed to the bedroom. Mary went back to the bedroom. Sandra travelled to the office. John travelled to the bathroom. Mary travelled to the garden. Mary moved to the kitchen. Sandra went back to the garden.,Where is Mary?,kitchen,kitchen,True
259,Sandra moved to the garden. John journeyed to the bedroom. Mary went back to the bedroom. Sandra travelled to the office. John travelled to the bathroom. Mary travelled to the garden. Mary moved to the kitchen. Sandra went back to the garden. Mary journeyed to the hallway. Mary went to the garden.,Where is Mary?,garden,garden,True
260,Mary went back to the bedroom. Sandra moved to the garden.,Where is Sandra?,garden,bedroom,False
261,Mary went back to the bedroom. Sandra moved to the garden. Daniel journeyed to the bathroom. Mary travelled to the office.,Where is Mary?,office,office,True
262,Mary went back to the bedroom. Sandra moved to the garden. Daniel journeyed to the bathroom. Mary travelled to the office. Daniel went to the hallway. Sandra travelled to the hallway.,Where is Sandra?,hallway,hallway,True
263,Mary went back to the bedroom. Sandra moved to the garden. Daniel journeyed to the bathroom. Mary travelled to the office. Daniel went to the hallway. Sandra travelled to the hallway. John journeyed to the garden. John journeyed to the office.,Where is John?,office,office,True
264,Mary went back to the bedroom. Sandra moved to the garden. Daniel journeyed to the bathroom. Mary travelled to the office. Daniel went to the hallway. Sandra travelled to the hallway. John journeyed to the garden. John journeyed to the office. Daniel moved to the garden. Mary travelled to the bathroom.,Where is John?,office,office,True
265,Sandra journeyed to the bathroom. John moved to the garden.,Where is Sandra?,bathroom,bathroom,True
266,Sandra journeyed to the bathroom. John moved to the garden. Sandra went back to the garden. Daniel moved to the kitchen.,Where is Sandra?,garden,garden,True
267,Sandra journeyed to the bathroom. John moved to the garden. Sandra went back to the garden. Daniel moved to the kitchen. Sandra travelled to the bedroom. John went to the bathroom.,Where is Sandra?,bedroom,bedroom,True
268,Sandra journeyed to the bathroom. John moved to the garden. Sandra went back to the garden. Daniel moved to the kitchen. Sandra travelled to the bedroom. John went to the bathroom. Daniel went back to the bathroom. Mary journeyed to the bedroom.,Where is John?,bathroom,bathroom,True
269,Sandra journeyed to the bathroom. John moved to the garden. Sandra went back to the garden. Daniel moved to the kitchen. Sandra travelled to the bedroom. John went to the bathroom. Daniel went back to the bathroom. Mary journeyed to the bedroom. Daniel went to the garden. Daniel journeyed to the bedroom.,Where is Daniel?,bedroom,bedroom,True
270,John went to the bathroom. Daniel moved to the kitchen.,Where is Daniel?,kitchen,kitchen,True
271,John went to the bathroom. Daniel moved to the kitchen. Sandra travelled to the office. Daniel went to the office.,Where is Sandra?,office,office,True
272,John went to the bathroom. Daniel moved to the kitchen. Sandra travelled to the office. Daniel went to the office. John moved to the office. Daniel journeyed to the garden.,Where is Sandra?,office,kitchen,False
273,John went to the bathroom. Daniel moved to the kitchen. Sandra travelled to the office. Daniel went to the office. John moved to the office. Daniel journeyed to the garden. Sandra went back to the bedroom. Daniel went back to the kitchen.,Where is Daniel?,kitchen,kitchen,True
274,John went to the bathroom. Daniel moved to the kitchen. Sandra travelled to the office. Daniel went to the office. John moved to the office. Daniel journeyed to the garden. Sandra went back to the bedroom. Daniel went back to the kitchen. Daniel went back to the bathroom. Mary went back to the garden.,Where is Daniel?,bathroom,kitchen,False
275,Sandra moved to the office. Daniel moved to the kitchen.,Where is Sandra?,office,office,True
276,Sandra moved to the office. Daniel moved to the kitchen. Mary moved to the garden. Mary journeyed to the kitchen.,Where is Daniel?,kitchen,kitchen,True
277,Sandra moved to the office. Daniel moved to the kitchen. Mary moved to the garden. Mary journeyed to the kitchen. Mary moved to the hallway. John went to the bedroom.,Where is Mary?,hallway,kitchen,False
278,Sandra moved to the office. Daniel moved to the kitchen. Mary moved to the garden. Mary journeyed to the kitchen. Mary moved to the hallway. John went to the bedroom. John moved to the office. Daniel went back to the hallway.,Where is John?,office,office,True
279,Sandra moved to the office. Daniel moved to the kitchen. Mary moved to the garden. Mary journeyed to the kitchen. Mary moved to the hallway. John went to the bedroom. John moved to the office. Daniel went back to the hallway. Daniel journeyed to the garden. John travelled to the bathroom.,Where is John?,bathroom,bathroom,True
280,Sandra journeyed to the office. Sandra travelled to the bathroom.,Where is Sandra?,bathroom,bathroom,True
281,Sandra journeyed to the office. Sandra travelled to the bathroom. Daniel moved to the bedroom. Daniel went to the garden.,Where is Daniel?,garden,garden,True
282,Sandra journeyed to the office. Sandra travelled to the bathroom. Daniel moved to the bedroom. Daniel went to the garden. Mary journeyed to the hallway. Sandra went to the office.,Where is Sandra?,office,office,True
283,Sandra journeyed to the office. Sandra travelled to the bathroom. Daniel moved to the bedroom. Daniel went to the garden. Mary journeyed to the hallway. Sandra went to the office. Daniel went back to the bathroom. Mary travelled to the kitchen.,Where is Sandra?,office,bathroom,False
284,Sandra journeyed to the office. Sandra travelled to the bathroom. Daniel moved to the bedroom. Daniel went to the garden. Mary journeyed to the hallway. Sandra went to the office. Daniel went back to the bathroom. Mary travelled to the kitchen. Daniel went back to the garden. John journeyed to the garden.,Where is John?,garden,garden,True
285,Sandra went to the bedroom. John went back to the office.,Where is John?,office,office,True
286,Sandra went to the bedroom. John went back to the office. Sandra moved to the bathroom. Mary went to the garden.,Where is Sandra?,bathroom,bathroom,True
287,Sandra went to the bedroom. John went back to the office. Sandra moved to the bathroom. Mary went to the garden. Daniel travelled to the bedroom. Sandra moved to the hallway.,Where is John?,office,office,True
288,Sandra went to the bedroom. John went back to the office. Sandra moved to the bathroom. Mary went to the garden. Daniel travelled to the bedroom. Sandra moved to the hallway. John travelled to the kitchen. Daniel moved to the garden.,Where is Daniel?,garden,garden,True
289,Sandra went to the bedroom. John went back to the office. Sandra moved to the bathroom. Mary went to the garden. Daniel travelled to the bedroom. Sandra moved to the hallway. John travelled to the kitchen. Daniel moved to the garden. Sandra journeyed to the bathroom. Mary journeyed to the bathroom.,Where is Sandra?,bathroom,bathroom,True
290,John travelled to the kitchen. Mary travelled to the kitchen.,Where is Mary?,kitchen,kitchen,True
291,John travelled to the kitchen. Mary travelled to the kitchen. Mary went back to the bathroom. Sandra travelled to the hallway.,Where is John?,kitchen,kitchen,True
292,John travelled to the kitchen. Mary travelled to the kitchen. Mary went back to the bathroom. Sandra travelled to the hallway. Mary went to the garden. John travelled to the bedroom.,Where is John?,bedroom,bedroom,True
293,John travelled to the kitchen. Mary travelled to the kitchen. Mary went back to the bathroom. Sandra travelled to the hallway. Mary went to the garden. John travelled to the bedroom. John travelled to the office. Mary travelled to the kitchen.,Where is Mary?,kitchen,kitchen,True
294,John travelled to the kitchen. Mary travelled to the kitchen. Mary went back to the bathroom. Sandra travelled to the hallway. Mary went to the garden. John travelled to the bedroom. John travelled to the office. Mary travelled to the kitchen. Daniel moved to the kitchen. John went to the kitchen.,Where is John?,kitchen,kitchen,True
295,Sandra went to the garden. Daniel went to the garden.,Where is Sandra?,garden,garden,True
296,Sandra went to the garden. Daniel went to the garden. Sandra journeyed to the kitchen. John journeyed to the hallway.,Where is Daniel?,garden,garden,True
297,Sandra went to the garden. Daniel went to the garden. Sandra journeyed to the kitchen. John journeyed to the hallway. Mary moved to the bathroom. Mary journeyed to the garden.,Where is John?,hallway,hallway,True
298,Sandra went to the garden. Daniel went to the garden. Sandra journeyed to the kitchen. John journeyed to the hallway. Mary moved to the bathroom. Mary journeyed to the garden. Mary moved to the hallway. Sandra went back to the hallway.,Where is Mary?,hallway,hallway,True
299,Sandra went to the garden. Daniel went to the garden. Sandra journeyed to the kitchen. John journeyed to the hallway. Mary moved to the bathroom. Mary journeyed to the garden. Mary moved to the hallway. Sandra went back to the hallway. Mary went back to the bathroom. Daniel travelled to the bedroom.,Where is Mary?,bathroom,bathroom,True
300,Sandra went to the bathroom. Mary journeyed to the bathroom.,Where is Mary?,bathroom,bathroom,True
301,Sandra went to the bathroom. Mary journeyed to the bathroom. Sandra went back to the kitchen. Daniel went back to the hallway.,Where is Mary?,bathroom,bathroom,True
302,Sandra went to the bathroom. Mary journeyed to the bathroom. Sandra went back to the kitchen. Daniel went back to the hallway. John moved to the garden. Daniel went to the office.,Where is Mary?,bathroom,garden,False
303,Sandra went to the bathroom. Mary journeyed to the bathroom. Sandra went back to the kitchen. Daniel went back to the hallway. John moved to the garden. Daniel went to the office. Mary moved to the hallway. John travelled to the office.,Where is John?,office,office,True
304,Sandra went to the bathroom. Mary journeyed to the bathroom. Sandra went back to the kitchen. Daniel went back to the hallway. John moved to the garden. Daniel went to the office. Mary moved to the hallway. John travelled to the office. Daniel journeyed to the kitchen. Sandra went to the office.,Where is Mary?,hallway,office,False
305,Daniel went to the bathroom. Daniel moved to the garden.,Where is Daniel?,garden,garden,True
306,Daniel went to the bathroom. Daniel moved to the garden. Daniel travelled to the bedroom. Daniel journeyed to the bathroom.,Where is Daniel?,bathroom,bathroom,True
307,Daniel went to the bathroom. Daniel moved to the garden. Daniel travelled to the bedroom. Daniel journeyed to the bathroom. Daniel journeyed to the office. John journeyed to the bathroom.,Where is Daniel?,office,office,True
308,Daniel went to the bathroom. Daniel moved to the garden. Daniel travelled to the bedroom. Daniel journeyed to the bathroom. Daniel journeyed to the office. John journeyed to the bathroom. John went to the garden. Sandra travelled to the bathroom.,Where is Daniel?,office,garden,False
309,Daniel went to the bathroom. Daniel moved to the garden. Daniel travelled to the bedroom. Daniel journeyed to the bathroom. Daniel journeyed to the office. John journeyed to the bathroom. John went to the garden. Sandra travelled to the bathroom. Mary went to the office. John went back to the kitchen.,Where is John?,kitchen,kitchen,True
310,Sandra journeyed to the garden. Daniel journeyed to the garden.,Where is Daniel?,garden,garden,True
311,Sandra journeyed to the garden. Daniel journeyed to the garden. John journeyed to the bedroom. Daniel journeyed to the office.,Where is Sandra?,garden,garden,True
312,Sandra journeyed to the garden. Daniel journeyed to the garden. John journeyed to the bedroom. Daniel journeyed to the office. Mary journeyed to the garden. Sandra travelled to the hallway.,Where is Daniel?,office,office,True
313,Sandra journeyed to the garden. Daniel journeyed to the garden. John journeyed to the bedroom. Daniel journeyed to the office. Mary journeyed to the garden. Sandra travelled to the hallway. John travelled to the garden. Sandra travelled to the bedroom.,Where is Sandra?,bedroom,bedroom,True
314,Sandra journeyed to the garden. Daniel journeyed to the garden. John journeyed to the bedroom. Daniel journeyed to the office. Mary journeyed to the garden. Sandra travelled to the hallway. John travelled to the garden. Sandra travelled to the bedroom. Mary moved to the hallway. Mary went back to the kitchen.,Where is John?,garden,garden,True
315,John travelled to the garden. Mary went back to the office.,Where is Mary?,office,office,True
316,John travelled to the garden. Mary went back to the office. Sandra went back to the hallway. Daniel travelled to the bedroom.,Where is Daniel?,bedroom,bedroom,True
317,John travelled to the garden. Mary went back to the office. Sandra went back to the hallway. Daniel travelled to the bedroom. Mary went back to the kitchen. Mary went to the office.,Where is Mary?,office,office,True
318,John travelled to the garden. Mary went back to the office. Sandra went back to the hallway. Daniel travelled to the bedroom. Mary went back to the kitchen. Mary went to the office. John went back to the bedroom. Daniel went back to the kitchen.,Where is Mary?,office,office,True
319,John travelled to the garden. Mary went back to the office. Sandra went back to the hallway. Daniel travelled to the bedroom. Mary went back to the kitchen. Mary went to the office. John went back to the bedroom. Daniel went back to the kitchen. Daniel went to the garden. John moved to the kitchen.,Where is Daniel?,garden,garden,True
320,Sandra moved to the garden. John went to the garden.,Where is John?,garden,garden,True
321,Sandra moved to the garden. John went to the garden. Sandra went to the bathroom. Sandra went to the kitchen.,Where is Sandra?,kitchen,kitchen,True
322,Sandra moved to the garden. John went to the garden. Sandra went to the bathroom. Sandra went to the kitchen. Daniel moved to the kitchen. Mary journeyed to the kitchen.,Where is Sandra?,kitchen,kitchen,True
323,Sandra moved to the garden. John went to the garden. Sandra went to the bathroom. Sandra went to the kitchen. Daniel moved to the kitchen. Mary journeyed to the kitchen. Daniel journeyed to the office. Daniel went to the garden.,Where is Daniel?,garden,garden,True
324,Sandra moved to the garden. John went to the garden. Sandra went to the bathroom. Sandra went to the kitchen. Daniel moved to the kitchen. Mary journeyed to the kitchen. Daniel journeyed to the office. Daniel went to the garden. John moved to the bedroom. Mary went back to the office.,Where is Daniel?,garden,garden,True
325,Daniel travelled to the bedroom. Sandra moved to the bathroom.,Where is Sandra?,bathroom,bathroom,True
326,Daniel travelled to the bedroom. Sandra moved to the bathroom. John went back to the bedroom. Sandra travelled to the kitchen.,Where is John?,bedroom,bedroom,True
327,Daniel travelled to the bedroom. Sandra moved to the bathroom. John went back to the bedroom. Sandra travelled to the kitchen. Sandra went back to the office. Sandra moved to the garden.,Where is Sandra?,garden,garden,True
328,Daniel travelled to the bedroom. Sandra moved to the bathroom. John went back to the bedroom. Sandra travelled to the kitchen. Sandra went back to the office. Sandra moved to the garden. Daniel went to the kitchen. John travelled to the bathroom.,Where is Sandra?,garden,kitchen,False
329,Daniel travelled to the bedroom. Sandra moved to the bathroom. John went back to the bedroom. Sandra travelled to the kitchen. Sandra went back to the office. Sandra moved to the garden. Daniel went to the kitchen. John travelled to the bathroom. Daniel went to the bedroom. Mary went back to the office.,Where is Daniel?,bedroom,bedroom,True
330,Daniel journeyed to the hallway. Sandra went to the kitchen.,Where is Sandra?,kitchen,hallway,False
331,Daniel journeyed to the hallway. Sandra went to the kitchen. John travelled to the kitchen. John went back to the office.,Where is John?,office,office,True
332,Daniel journeyed to the hallway. Sandra went to the kitchen. John travelled to the kitchen. John went back to the office. Mary moved to the bathroom. Daniel travelled to the office.,Where is Sandra?,kitchen,kitchen,True
333,Daniel journeyed to the hallway. Sandra went to the kitchen. John travelled to the kitchen. John went back to the office. Mary moved to the bathroom. Daniel travelled to the office. Daniel went back to the bedroom. Sandra went to the office.,Where is Daniel?,bedroom,bedroom,True
334,Daniel journeyed to the hallway. Sandra went to the kitchen. John travelled to the kitchen. John went back to the office. Mary moved to the bathroom. Daniel travelled to the office. Daniel went back to the bedroom. Sandra went to the office. Sandra went back to the garden. Mary moved to the kitchen.,Where is Daniel?,bedroom,office,False
335,John journeyed to the office. Sandra travelled to the garden.,Where is John?,office,office,True
336,John journeyed to the office. Sandra travelled to the garden. Sandra moved to the office. Daniel travelled to the hallway.,Where is Daniel?,hallway,hallway,True
337,John journeyed to the office. Sandra travelled to the garden. Sandra moved to the office. Daniel travelled to the hallway. John travelled to the bathroom. Daniel journeyed to the garden.,Where is Sandra?,office,hallway,False
338,John journeyed to the office. Sandra travelled to the garden. Sandra moved to the office. Daniel travelled to the hallway. John travelled to the bathroom. Daniel journeyed to the garden. Sandra journeyed to the kitchen. Sandra went back to the hallway.,Where is Sandra?,hallway,hallway,True
339,John journeyed to the office. Sandra travelled to the garden. Sandra moved to the office. Daniel travelled to the hallway. John travelled to the bathroom. Daniel journeyed to the garden. Sandra journeyed to the kitchen. Sandra went back to the hallway. Mary journeyed to the bedroom. Mary went back to the office.,Where is Sandra?,hallway,hallway,True
340,Mary moved to the bathroom. Mary went to the hallway.,Where is Mary?,hallway,hallway,True
341,Mary moved to the bathroom. Mary went to the hallway. Daniel travelled to the bedroom. Mary journeyed to the garden.,Where is Mary?,garden,garden,True
342,Mary moved to the bathroom. Mary went to the hallway. Daniel travelled to the bedroom. Mary journeyed to the garden. John travelled to the office. Daniel travelled to the office.,Where is Daniel?,office,office,True
343,Mary moved to the bathroom. Mary went to the hallway. Daniel travelled to the bedroom. Mary journeyed to the garden. John travelled to the office. Daniel travelled to the office. Mary went to the bedroom. Sandra went back to the kitchen.,Where is Sandra?,kitchen,kitchen,True
344,Mary moved to the bathroom. Mary went to the hallway. Daniel travelled to the bedroom. Mary journeyed to the garden. John travelled to the office. Daniel travelled to the office. Mary went to the bedroom. Sandra went back to the kitchen. Sandra journeyed to the bedroom. Sandra went to the garden.,Where is Sandra?,garden,garden,True
345,Daniel went back to the hallway. Mary went back to the office.,Where is Mary?,office,office,True
346,Daniel went back to the hallway. Mary went back to the office. Mary went to the garden. Mary went back to the kitchen.,Where is Daniel?,hallway,hallway,True
347,Daniel went back to the hallway. Mary went back to the office. Mary went to the garden. Mary went back to the kitchen. Sandra moved to the bedroom. John travelled to the hallway.,Where is John?,hallway,hallway,True
348,Daniel went back to the hallway. Mary went back to the office. Mary went to the garden. Mary went back to the kitchen. Sandra moved to the bedroom. John travelled to the hallway. Sandra went back to the garden. John journeyed to the kitchen.,Where is Mary?,kitchen,garden,False
349,Daniel went back to the hallway. Mary went back to the office. Mary went to the garden. Mary went back to the kitchen. Sandra moved to the bedroom. John travelled to the hallway. Sandra went back to the garden. John journeyed to the kitchen. John journeyed to the bathroom. John moved to the kitchen.,Where is John?,kitchen,kitchen,True
350,Sandra travelled to the bedroom. John travelled to the garden.,Where is Sandra?,bedroom,bedroom,True
351,Sandra travelled to the bedroom. John travelled to the garden. Mary went to the hallway. Mary went back to the bedroom.,Where is John?,garden,garden,True
352,Sandra travelled to the bedroom. John travelled to the garden. Mary went to the hallway. Mary went back to the bedroom. Sandra went to the kitchen. Sandra journeyed to the garden.,Where is Sandra?,garden,garden,True
353,Sandra travelled to the bedroom. John travelled to the garden. Mary went to the hallway. Mary went back to the bedroom. Sandra went to the kitchen. Sandra journeyed to the garden. Daniel journeyed to the office. Sandra moved to the bedroom.,Where is Sandra?,bedroom,bedroom,True
354,Sandra travelled to the bedroom. John travelled to the garden. Mary went to the hallway. Mary went back to the bedroom. Sandra went to the kitchen. Sandra journeyed to the garden. Daniel journeyed to the office. Sandra moved to the bedroom. Mary moved to the kitchen. Mary went to the bathroom.,Where is Sandra?,bedroom,kitchen,False
355,Sandra travelled to the bathroom. Mary journeyed to the office.,Where is Sandra?,bathroom,bathroom,True
356,Sandra travelled to the bathroom. Mary journeyed to the office. Sandra travelled to the kitchen. John moved to the office.,Where is John?,office,office,True
357,Sandra travelled to the bathroom. Mary journeyed to the office. Sandra travelled to the kitchen. John moved to the office. Mary went to the hallway. John went back to the hallway.,Where is Mary?,hallway,hallway,True
358,Sandra travelled to the bathroom. Mary journeyed to the office. Sandra travelled to the kitchen. John moved to the office. Mary went to the hallway. John went back to the hallway. John moved to the bedroom. Mary moved to the garden.,Where is Mary?,garden,garden,True
359,Sandra travelled to the bathroom. Mary journeyed to the office. Sandra travelled to the kitchen. John moved to the office. Mary went to the hallway. John went back to the hallway. John moved to the bedroom. Mary moved to the garden. John journeyed to the bathroom. Mary went back to the hallway.,Where is Mary?,hallway,hallway,True
360,Daniel went back to the kitchen. Daniel travelled to the garden.,Where is Daniel?,garden,garden,True
361,Daniel went back to the kitchen. Daniel travelled to the garden. Daniel travelled to the bathroom. Mary went back to the bathroom.,Where is Daniel?,bathroom,bathroom,True
362,Daniel went back to the kitchen. Daniel travelled to the garden. Daniel travelled to the bathroom. Mary went back to the bathroom. Mary travelled to the garden. John went back to the garden.,Where is Mary?,garden,garden,True
363,Daniel went back to the kitchen. Daniel travelled to the garden. Daniel travelled to the bathroom. Mary went back to the bathroom. Mary travelled to the garden. John went back to the garden. Daniel went to the office. Daniel moved to the garden.,Where is John?,garden,garden,True
364,Daniel went back to the kitchen. Daniel travelled to the garden. Daniel travelled to the bathroom. Mary went back to the bathroom. Mary travelled to the garden. John went back to the garden. Daniel went to the office. Daniel moved to the garden. Sandra travelled to the bathroom. John moved to the bedroom.,Where is Daniel?,garden,garden,True
365,Sandra travelled to the hallway. Sandra went to the garden.,Where is Sandra?,garden,hallway,False
366,Sandra travelled to the hallway. Sandra went to the garden. Mary moved to the bedroom. Daniel went to the kitchen.,Where is Sandra?,garden,garden,True
367,Sandra travelled to the hallway. Sandra went to the garden. Mary moved to the bedroom. Daniel went to the kitchen. John travelled to the hallway. Daniel went back to the hallway.,Where is Daniel?,hallway,hallway,True
368,Sandra travelled to the hallway. Sandra went to the garden. Mary moved to the bedroom. Daniel went to the kitchen. John travelled to the hallway. Daniel went back to the hallway. Mary travelled to the hallway. John went to the office.,Where is Mary?,hallway,hallway,True
369,Sandra travelled to the hallway. Sandra went to the garden. Mary moved to the bedroom. Daniel went to the kitchen. John travelled to the hallway. Daniel went back to the hallway. Mary travelled to the hallway. John went to the office. John travelled to the garden. Sandra went to the kitchen.,Where is Daniel?,hallway,hallway,True
370,Daniel travelled to the office. Daniel journeyed to the hallway.,Where is Daniel?,hallway,hallway,True
371,Daniel travelled to the office. Daniel journeyed to the hallway. Sandra travelled to the bathroom. Sandra moved to the hallway.,Where is Daniel?,hallway,hallway,True
372,Daniel travelled to the office. Daniel journeyed to the hallway. Sandra travelled to the bathroom. Sandra moved to the hallway. Mary went to the garden. Daniel moved to the bedroom.,Where is Mary?,garden,garden,True
373,Daniel travelled to the office. Daniel journeyed to the hallway. Sandra travelled to the bathroom. Sandra moved to the hallway. Mary went to the garden. Daniel moved to the bedroom. John went to the hallway. Sandra travelled to the kitchen.,Where is Mary?,garden,hallway,False
374,Daniel travelled to the office. Daniel journeyed to the hallway. Sandra travelled to the bathroom. Sandra moved to the hallway. Mary went to the garden. Daniel moved to the bedroom. John went to the hallway. Sandra travelled to the kitchen. Sandra moved to the garden. Mary moved to the office.,Where is Mary?,office,office,True
375,Mary journeyed to the office. Mary journeyed to the bedroom.,Where is Mary?,bedroom,bedroom,True
376,Mary journeyed to the office. Mary journeyed to the bedroom. Sandra went to the garden. Sandra moved to the kitchen.,Where is Sandra?,kitchen,kitchen,True
377,Mary journeyed to the office. Mary journeyed to the bedroom. Sandra went to the garden. Sandra moved to the kitchen. Sandra went to the bathroom. Daniel moved to the office.,Where is Sandra?,bathroom,bathroom,True
378,Mary journeyed to the office. Mary journeyed to the bedroom. Sandra went to the garden. Sandra moved to the kitchen. Sandra went to the bathroom. Daniel moved to the office. John went back to the office. John went to the garden.,Where is Sandra?,bathroom,office,False
379,Mary journeyed to the office. Mary journeyed to the bedroom. Sandra went to the garden. Sandra moved to the kitchen. Sandra went to the bathroom. Daniel moved to the office. John went back to the office. John went to the garden. John went to the bedroom. Mary moved to the garden.,Where is John?,bedroom,bedroom,True
380,John travelled to the bedroom. Mary went to the bathroom.,Where is Mary?,bathroom,bathroom,True
381,John travelled to the bedroom. Mary went to the bathroom. Mary journeyed to the bedroom. Sandra travelled to the hallway.,Where is John?,bedroom,bedroom,True
382,John travelled to the bedroom. Mary went to the bathroom. Mary journeyed to the bedroom. Sandra travelled to the hallway. Daniel went back to the hallway. Sandra journeyed to the office.,Where is Mary?,bedroom,bedroom,True
383,John travelled to the bedroom. Mary went to the bathroom. Mary journeyed to the bedroom. Sandra travelled to the hallway. Daniel went back to the hallway. Sandra journeyed to the office. John moved to the garden. Mary travelled to the office.,Where is Sandra?,office,hallway,False
384,John travelled to the bedroom. Mary went to the bathroom. Mary journeyed to the bedroom. Sandra travelled to the hallway. Daniel went back to the hallway. Sandra journeyed to the office. John moved to the garden. Mary travelled to the office. John travelled to the kitchen. Daniel went back to the kitchen.,Where is Mary?,office,garden,False
385,Sandra journeyed to the kitchen. Daniel journeyed to the bathroom.,Where is Sandra?,kitchen,kitchen,True
386,Sandra journeyed to the kitchen. Daniel journeyed to the bathroom. Mary went to the garden. Mary travelled to the office.,Where is Mary?,office,office,True
387,Sandra journeyed to the kitchen. Daniel journeyed to the bathroom. Mary went to the garden. Mary travelled to the office. Sandra travelled to the bedroom. John travelled to the office.,Where is John?,office,office,True
388,Sandra journeyed to the kitchen. Daniel journeyed to the bathroom. Mary went to the garden. Mary travelled to the office. Sandra travelled to the bedroom. John travelled to the office. Sandra journeyed to the office. Sandra moved to the kitchen.,Where is Mary?,office,bedroom,False
389,Sandra journeyed to the kitchen. Daniel journeyed to the bathroom. Mary went to the garden. Mary travelled to the office. Sandra travelled to the bedroom. John travelled to the office. Sandra journeyed to the office. Sandra moved to the kitchen. Mary travelled to the bedroom. Mary moved to the hallway.,Where is Sandra?,kitchen,kitchen,True
390,Daniel travelled to the garden. Mary went to the kitchen.,Where is Mary?,kitchen,kitchen,True
391,Daniel travelled to the garden. Mary went to the kitchen. John travelled to the bedroom. Daniel journeyed to the hallway.,Where is Daniel?,hallway,hallway,True
392,Daniel travelled to the garden. Mary went to the kitchen. John travelled to the bedroom. Daniel journeyed to the hallway. Mary moved to the bathroom. John travelled to the garden.,Where is Mary?,bathroom,bathroom,True
393,Daniel travelled to the garden. Mary went to the kitchen. John travelled to the bedroom. Daniel journeyed to the hallway. Mary moved to the bathroom. John travelled to the garden. Sandra went back to the hallway. Mary travelled to the bedroom.,Where is Mary?,bedroom,bedroom,True
394,Daniel travelled to the garden. Mary went to the kitchen. John travelled to the bedroom. Daniel journeyed to the hallway. Mary moved to the bathroom. John travelled to the garden. Sandra went back to the hallway. Mary travelled to the bedroom. Sandra journeyed to the office. Mary went back to the bathroom.,Where is Sandra?,office,office,True
395,Daniel went back to the kitchen. Daniel moved to the office.,Where is Daniel?,office,office,True
396,Daniel went back to the kitchen. Daniel moved to the office. Daniel went back to the bedroom. John moved to the garden.,Where is Daniel?,bedroom,bedroom,True
397,Daniel went back to the kitchen. Daniel moved to the office. Daniel went back to the bedroom. John moved to the garden. Daniel travelled to the office. Mary journeyed to the garden.,Where is Daniel?,office,office,True
398,Daniel went back to the kitchen. Daniel moved to the office. Daniel went back to the bedroom. John moved to the garden. Daniel travelled to the office. Mary journeyed to the garden. Sandra went to the bathroom. Mary moved to the bedroom.,Where is Sandra?,bathroom,garden,False
399,Daniel went back to the kitchen. Daniel moved to the office. Daniel went back to the bedroom. John moved to the garden. Daniel travelled to the office. Mary journeyed to the garden. Sandra went to the bathroom. Mary moved to the bedroom. Sandra moved to the garden. John travelled to the hallway.,Where is Sandra?,garden,garden,True
400,Sandra moved to the garden. John went to the bedroom.,Where is John?,bedroom,bedroom,True
401,Sandra moved to the garden. John went to the bedroom. John moved to the bathroom. John went to the garden.,Where is John?,garden,hallway,False
402,Sandra moved to the garden. John went to the bedroom. John moved to the bathroom. John went to the garden. John journeyed to the bedroom. Sandra went to the office.,Where is John?,bedroom,bedroom,True
403,Sandra moved to the garden. John went to the bedroom. John moved to the bathroom. John went to the garden. John journeyed to the bedroom. Sandra went to the office. Sandra went to the bathroom. Sandra moved to the kitchen.,Where is Sandra?,kitchen,kitchen,True
404,Sandra moved to the garden. John went to the bedroom. John moved to the bathroom. John went to the garden. John journeyed to the bedroom. Sandra went to the office. Sandra went to the bathroom. Sandra moved to the kitchen. Sandra went to the bedroom. Sandra went to the office.,Where is Sandra?,office,office,True
405,Daniel journeyed to the kitchen. Sandra went to the bedroom.,Where is Daniel?,kitchen,kitchen,True
406,Daniel journeyed to the kitchen. Sandra went to the bedroom. Daniel went back to the hallway. Mary went back to the office.,Where is Daniel?,hallway,hallway,True
407,Daniel journeyed to the kitchen. Sandra went to the bedroom. Daniel went back to the hallway. Mary went back to the office. Mary went to the garden. Daniel journeyed to the office.,Where is Sandra?,bedroom,hallway,False
408,Daniel journeyed to the kitchen. Sandra went to the bedroom. Daniel went back to the hallway. Mary went back to the office. Mary went to the garden. Daniel journeyed to the office. Sandra went to the bathroom. John travelled to the bedroom.,Where is Mary?,garden,garden,True
409,Daniel journeyed to the kitchen. Sandra went to the bedroom. Daniel went back to the hallway. Mary went back to the office. Mary went to the garden. Daniel journeyed to the office. Sandra went to the bathroom. John travelled to the bedroom. Sandra went to the kitchen. Daniel travelled to the bedroom.,Where is Sandra?,kitchen,kitchen,True
410,John went back to the bathroom. John went to the bedroom.,Where is John?,bedroom,bedroom,True
411,John went back to the bathroom. John went to the bedroom. Daniel travelled to the bedroom. Sandra journeyed to the garden.,Where is Sandra?,garden,garden,True
412,John went back to the bathroom. John went to the bedroom. Daniel travelled to the bedroom. Sandra journeyed to the garden. Daniel went back to the bathroom. Sandra journeyed to the bathroom.,Where is Sandra?,bathroom,hallway,False
413,John went back to the bathroom. John went to the bedroom. Daniel travelled to the bedroom. Sandra journeyed to the garden. Daniel went back to the bathroom. Sandra journeyed to the bathroom. Mary journeyed to the office. Daniel went to the hallway.,Where is Daniel?,hallway,hallway,True
414,John went back to the bathroom. John went to the bedroom. Daniel travelled to the bedroom. Sandra journeyed to the garden. Daniel went back to the bathroom. Sandra journeyed to the bathroom. Mary journeyed to the office. Daniel went to the hallway. Sandra journeyed to the bedroom. Sandra travelled to the office.,Where is Sandra?,office,office,True
415,Mary travelled to the hallway. Daniel journeyed to the bedroom.,Where is Daniel?,bedroom,bedroom,True
416,Mary travelled to the hallway. Daniel journeyed to the bedroom. John went back to the garden. Sandra journeyed to the bathroom.,Where is Daniel?,bedroom,bedroom,True
417,Mary travelled to the hallway. Daniel journeyed to the bedroom. John went back to the garden. Sandra journeyed to the bathroom. John went to the kitchen. Sandra journeyed to the garden.,Where is John?,kitchen,kitchen,True
418,Mary travelled to the hallway. Daniel journeyed to the bedroom. John went back to the garden. Sandra journeyed to the bathroom. John went to the kitchen. Sandra journeyed to the garden. Sandra moved to the hallway. John went back to the garden.,Where is Sandra?,hallway,hallway,True
419,Mary travelled to the hallway. Daniel journeyed to the bedroom. John went back to the garden. Sandra journeyed to the bathroom. John went to the kitchen. Sandra journeyed to the garden. Sandra moved to the hallway. John went back to the garden. Sandra went to the bathroom. Mary went to the office.,Where is Sandra?,bathroom,hallway,False
420,Sandra went back to the hallway. Mary went back to the kitchen.,Where is Sandra?,hallway,hallway,True
421,Sandra went back to the hallway. Mary went back to the kitchen. John journeyed to the bathroom. Daniel went back to the hallway.,Where is Sandra?,hallway,hallway,True
422,Sandra went back to the hallway. Mary went back to the kitchen. John journeyed to the bathroom. Daniel went back to the hallway. Sandra moved to the office. Sandra journeyed to the bathroom.,Where is Sandra?,bathroom,hallway,False
423,Sandra went back to the hallway. Mary went back to the kitchen. John journeyed to the bathroom. Daniel went back to the hallway. Sandra moved to the office. Sandra journeyed to the bathroom. Sandra journeyed to the bedroom. John went to the hallway.,Where is Daniel?,hallway,bedroom,False
424,Sandra went back to the hallway. Mary went back to the kitchen. John journeyed to the bathroom. Daniel went back to the hallway. Sandra moved to the office. Sandra journeyed to the bathroom. Sandra journeyed to the bedroom. John went to the hallway. Mary went to the bathroom. Mary travelled to the bedroom.,Where is Mary?,bedroom,bedroom,True
425,John travelled to the kitchen. Sandra moved to the bathroom.,Where is John?,kitchen,kitchen,True
426,John travelled to the kitchen. Sandra moved to the bathroom. Daniel moved to the kitchen. Sandra moved to the kitchen.,Where is John?,kitchen,kitchen,True
427,John travelled to the kitchen. Sandra moved to the bathroom. Daniel moved to the kitchen. Sandra moved to the kitchen. Daniel went to the hallway. John went to the office.,Where is John?,office,office,True
428,John travelled to the kitchen. Sandra moved to the bathroom. Daniel moved to the kitchen. Sandra moved to the kitchen. Daniel went to the hallway. John went to the office. Sandra went back to the garden. Sandra went to the bedroom.,Where is Sandra?,bedroom,bedroom,True
429,John travelled to the kitchen. Sandra moved to the bathroom. Daniel moved to the kitchen. Sandra moved to the kitchen. Daniel went to the hallway. John went to the office. Sandra went back to the garden. Sandra went to the bedroom. John went to the bedroom. John journeyed to the bathroom.,Where is Sandra?,bedroom,bedroom,True
430,John went to the office. Sandra went to the kitchen.,Where is John?,office,office,True
431,John went to the office. Sandra went to the kitchen. John went back to the kitchen. Mary moved to the garden.,Where is John?,kitchen,kitchen,True
432,John went to the office. Sandra went to the kitchen. John went back to the kitchen. Mary moved to the garden. Mary went to the kitchen. Sandra moved to the bedroom.,Where is Mary?,kitchen,kitchen,True
433,John went to the office. Sandra went to the kitchen. John went back to the kitchen. Mary moved to the garden. Mary went to the kitchen. Sandra moved to the bedroom. Sandra moved to the hallway. John went back to the hallway.,Where is Mary?,kitchen,hallway,False
434,John went to the office. Sandra went to the kitchen. John went back to the kitchen. Mary moved to the garden. Mary went to the kitchen. Sandra moved to the bedroom. Sandra moved to the hallway. John went back to the hallway. Sandra travelled to the bedroom. Daniel moved to the office.,Where is Daniel?,office,office,True
435,Mary went to the kitchen. Sandra went to the garden.,Where is Sandra?,garden,garden,True
436,Mary went to the kitchen. Sandra went to the garden. John journeyed to the hallway. John went back to the bathroom.,Where is Mary?,kitchen,hallway,False
437,Mary went to the kitchen. Sandra went to the garden. John journeyed to the hallway. John went back to the bathroom. Daniel went to the garden. Daniel moved to the bedroom.,Where is John?,bathroom,bathroom,True
438,Mary went to the kitchen. Sandra went to the garden. John journeyed to the hallway. John went back to the bathroom. Daniel went to the garden. Daniel moved to the bedroom. Sandra went back to the bedroom. John journeyed to the garden.,Where is Daniel?,bedroom,bedroom,True
439,Mary went to the kitchen. Sandra went to the garden. John journeyed to the hallway. John went back to the bathroom. Daniel went to the garden. Daniel moved to the bedroom. Sandra went back to the bedroom. John journeyed to the garden. Mary travelled to the hallway. Daniel travelled to the garden.,Where is John?,garden,garden,True
440,Sandra went back to the bedroom. John moved to the garden.,Where is Sandra?,bedroom,bedroom,True
441,Sandra went back to the bedroom. John moved to the garden. Daniel journeyed to the hallway. Sandra travelled to the hallway.,Where is Daniel?,hallway,hallway,True
442,Sandra went back to the bedroom. John moved to the garden. Daniel journeyed to the hallway. Sandra travelled to the hallway. Daniel travelled to the bathroom. Mary travelled to the garden.,Where is Daniel?,bathroom,bathroom,True
443,Sandra went back to the bedroom. John moved to the garden. Daniel journeyed to the hallway. Sandra travelled to the hallway. Daniel travelled to the bathroom. Mary travelled to the garden. Daniel journeyed to the garden. Daniel moved to the bathroom.,Where is Mary?,garden,garden,True
444,Sandra went back to the bedroom. John moved to the garden. Daniel journeyed to the hallway. Sandra travelled to the hallway. Daniel travelled to the bathroom. Mary travelled to the garden. Daniel journeyed to the garden. Daniel moved to the bathroom. Sandra went back to the garden. Daniel went to the bedroom.,Where is Daniel?,bedroom,bedroom,True
445,Daniel travelled to the garden. Sandra journeyed to the bedroom.,Where is Daniel?,garden,garden,True
446,Daniel travelled to the garden. Sandra journeyed to the bedroom. Daniel journeyed to the office. Daniel travelled to the bathroom.,Where is Sandra?,bedroom,bedroom,True
447,Daniel travelled to the garden. Sandra journeyed to the bedroom. Daniel journeyed to the office. Daniel travelled to the bathroom. Sandra travelled to the kitchen. Daniel went to the hallway.,Where is Daniel?,hallway,hallway,True
448,Daniel travelled to the garden. Sandra journeyed to the bedroom. Daniel journeyed to the office. Daniel travelled to the bathroom. Sandra travelled to the kitchen. Daniel went to the hallway. Daniel went back to the garden. Sandra moved to the garden.,Where is Daniel?,garden,garden,True
449,Daniel travelled to the garden. Sandra journeyed to the bedroom. Daniel journeyed to the office. Daniel travelled to the bathroom. Sandra travelled to the kitchen. Daniel went to the hallway. Daniel went back to the garden. Sandra moved to the garden. Mary moved to the bedroom. Sandra moved to the kitchen.,Where is Sandra?,kitchen,kitchen,True
450,John went back to the bathroom. John moved to the kitchen.,Where is John?,kitchen,hallway,False
451,John went back to the bathroom. John moved to the kitchen. Sandra moved to the office. Sandra travelled to the bedroom.,Where is John?,kitchen,kitchen,True
452,John went back to the bathroom. John moved to the kitchen. Sandra moved to the office. Sandra travelled to the bedroom. John went to the garden. Sandra moved to the kitchen.,Where is Sandra?,kitchen,hallway,False
453,John went back to the bathroom. John moved to the kitchen. Sandra moved to the office. Sandra travelled to the bedroom. John went to the garden. Sandra moved to the kitchen. Sandra went to the garden. Daniel went to the kitchen.,Where is Sandra?,garden,garden,True
454,John went back to the bathroom. John moved to the kitchen. Sandra moved to the office. Sandra travelled to the bedroom. John went to the garden. Sandra moved to the kitchen. Sandra went to the garden. Daniel went to the kitchen. Sandra went to the bathroom. John went to the bathroom.,Where is Sandra?,bathroom,garden,False
455,Daniel journeyed to the office. Sandra went to the kitchen.,Where is Sandra?,kitchen,kitchen,True
456,Daniel journeyed to the office. Sandra went to the kitchen. Daniel journeyed to the kitchen. Mary moved to the bedroom.,Where is Mary?,bedroom,bedroom,True
457,Daniel journeyed to the office. Sandra went to the kitchen. Daniel journeyed to the kitchen. Mary moved to the bedroom. John went to the hallway. Daniel went to the bedroom.,Where is John?,hallway,hallway,True
458,Daniel journeyed to the office. Sandra went to the kitchen. Daniel journeyed to the kitchen. Mary moved to the bedroom. John went to the hallway. Daniel went to the bedroom. Daniel travelled to the hallway. John moved to the garden.,Where is John?,garden,garden,True
459,Daniel journeyed to the office. Sandra went to the kitchen. Daniel journeyed to the kitchen. Mary moved to the bedroom. John went to the hallway. Daniel went to the bedroom. Daniel travelled to the hallway. John moved to the garden. Mary travelled to the bathroom. Sandra went to the hallway.,Where is Sandra?,hallway,hallway,True
460,Sandra travelled to the bathroom. John went back to the office.,Where is Sandra?,bathroom,bathroom,True
461,Sandra travelled to the bathroom. John went back to the office. Sandra went back to the garden. John went back to the bedroom.,Where is Sandra?,garden,garden,True
462,Sandra travelled to the bathroom. John went back to the office. Sandra went back to the garden. John went back to the bedroom. Daniel journeyed to the hallway. Daniel went to the office.,Where is John?,bedroom,bedroom,True
463,Sandra travelled to the bathroom. John went back to the office. Sandra went back to the garden. John went back to the bedroom. Daniel journeyed to the hallway. Daniel went to the office. Sandra went back to the bedroom. John went to the office.,Where is John?,office,office,True
464,Sandra travelled to the bathroom. John went back to the office. Sandra went back to the garden. John went back to the bedroom. Daniel journeyed to the hallway. Daniel went to the office. Sandra went back to the bedroom. John went to the office. Mary travelled to the office. John moved to the garden.,Where is John?,garden,garden,True
465,Mary journeyed to the kitchen. Sandra went back to the garden.,Where is Sandra?,garden,garden,True
466,Mary journeyed to the kitchen. Sandra went back to the garden. Daniel moved to the kitchen. Daniel travelled to the bedroom.,Where is Daniel?,bedroom,bedroom,True
467,Mary journeyed to the kitchen. Sandra went back to the garden. Daniel moved to the kitchen. Daniel travelled to the bedroom. Mary moved to the garden. Mary travelled to the bathroom.,Where is Daniel?,bedroom,bedroom,True
468,Mary journeyed to the kitchen. Sandra went back to the garden. Daniel moved to the kitchen. Daniel travelled to the bedroom. Mary moved to the garden. Mary travelled to the bathroom. Daniel went to the office. Sandra went to the bedroom.,Where is Sandra?,bedroom,bedroom,True
469,Mary journeyed to the kitchen. Sandra went back to the garden. Daniel moved to the kitchen. Daniel travelled to the bedroom. Mary moved to the garden. Mary travelled to the bathroom. Daniel went to the office. Sandra went to the bedroom. Mary moved to the kitchen. John went back to the office.,Where is John?,office,office,True
470,Mary moved to the hallway. John went back to the bedroom.,Where is Mary?,hallway,hallway,True
471,Mary moved to the hallway. John went back to the bedroom. Mary went back to the bathroom. Mary travelled to the office.,Where is Mary?,office,office,True
472,Mary moved to the hallway. John went back to the bedroom. Mary went back to the bathroom. Mary travelled to the office. Daniel went back to the office. John moved to the hallway.,Where is Mary?,office,office,True
473,Mary moved to the hallway. John went back to the bedroom. Mary went back to the bathroom. Mary travelled to the office. Daniel went back to the office. John moved to the hallway. John went back to the bathroom. Mary travelled to the garden.,Where is John?,bathroom,bathroom,True
474,Mary moved to the hallway. John went back to the bedroom. Mary went back to the bathroom. Mary travelled to the office. Daniel went back to the office. John moved to the hallway. John went back to the bathroom. Mary travelled to the garden. Daniel went back to the bathroom. John went to the kitchen.,Where is John?,kitchen,kitchen,True
475,John journeyed to the garden. Mary travelled to the office.,Where is John?,garden,garden,True
476,John journeyed to the garden. Mary travelled to the office. John went to the bedroom. Mary went back to the bathroom.,Where is Mary?,bathroom,hallway,False
477,John journeyed to the garden. Mary travelled to the office. John went to the bedroom. Mary went back to the bathroom. Mary journeyed to the hallway. Sandra went to the kitchen.,Where is Sandra?,kitchen,kitchen,True
478,John journeyed to the garden. Mary travelled to the office. John went to the bedroom. Mary went back to the bathroom. Mary journeyed to the hallway. Sandra went to the kitchen. Daniel moved to the hallway. John travelled to the garden.,Where is John?,garden,garden,True
479,John journeyed to the garden. Mary travelled to the office. John went to the bedroom. Mary went back to the bathroom. Mary journeyed to the hallway. Sandra went to the kitchen. Daniel moved to the hallway. John travelled to the garden. John went back to the bathroom. Sandra went to the bedroom.,Where is John?,bathroom,bathroom,True
480,Sandra went back to the bedroom. Mary moved to the kitchen.,Where is Sandra?,bedroom,bedroom,True
481,Sandra went back to the bedroom. Mary moved to the kitchen. Mary moved to the office. Daniel travelled to the office.,Where is Sandra?,bedroom,kitchen,False
482,Sandra went back to the bedroom. Mary moved to the kitchen. Mary moved to the office. Daniel travelled to the office. Daniel travelled to the hallway. John went back to the hallway.,Where is Daniel?,hallway,office,False
483,Sandra went back to the bedroom. Mary moved to the kitchen. Mary moved to the office. Daniel travelled to the office. Daniel travelled to the hallway. John went back to the hallway. Mary moved to the bathroom. Sandra journeyed to the hallway.,Where is John?,hallway,hallway,True
484,Sandra went back to the bedroom. Mary moved to the kitchen. Mary moved to the office. Daniel travelled to the office. Daniel travelled to the hallway. John went back to the hallway. Mary moved to the bathroom. Sandra journeyed to the hallway. John went to the garden. Daniel travelled to the kitchen.,Where is John?,garden,garden,True
485,Sandra moved to the garden. Daniel travelled to the bedroom.,Where is Daniel?,bedroom,bedroom,True
486,Sandra moved to the garden. Daniel travelled to the bedroom. Sandra went to the hallway. Sandra went back to the bathroom.,Where is Sandra?,bathroom,hallway,False
487,Sandra moved to the garden. Daniel travelled to the bedroom. Sandra went to the hallway. Sandra went back to the bathroom. Sandra journeyed to the kitchen. Daniel went back to the hallway.,Where is Daniel?,hallway,hallway,True
488,Sandra moved to the garden. Daniel travelled to the bedroom. Sandra went to the hallway. Sandra went back to the bathroom. Sandra journeyed to the kitchen. Daniel went back to the hallway. John travelled to the bedroom. Daniel travelled to the kitchen.,Where is John?,bedroom,bedroom,True
489,Sandra moved to the garden. Daniel travelled to the bedroom. Sandra went to the hallway. Sandra went back to the bathroom. Sandra journeyed to the kitchen. Daniel went back to the hallway. John travelled to the bedroom. Daniel travelled to the kitchen. Sandra moved to the office. Daniel moved to the bathroom.,Where is Daniel?,bathroom,bathroom,True
490,John went to the kitchen. Daniel travelled to the kitchen.,Where is Daniel?,kitchen,kitchen,True
491,John went to the kitchen. Daniel travelled to the kitchen. Sandra journeyed to the kitchen. John went to the bedroom.,Where is John?,bedroom,bedroom,True
492,John went to the kitchen. Daniel travelled to the kitchen. Sandra journeyed to the kitchen. John went to the bedroom. Mary went to the bedroom. Sandra went back to the bedroom.,Where is John?,bedroom,bedroom,True
493,John went to the kitchen. Daniel travelled to the kitchen. Sandra journeyed to the kitchen. John went to the bedroom. Mary went to the bedroom. Sandra went back to the bedroom. John journeyed to the garden. Daniel went back to the bedroom.,Where is John?,garden,garden,True
494,John went to the kitchen. Daniel travelled to the kitchen. Sandra journeyed to the kitchen. John went to the bedroom. Mary went to the bedroom. Sandra went back to the bedroom. John journeyed to the garden. Daniel went back to the bedroom. Daniel journeyed to the bathroom. Daniel went to the kitchen.,Where is John?,garden,garden,True
495,Mary moved to the kitchen. Sandra travelled to the bedroom.,Where is Mary?,kitchen,kitchen,True
496,Mary moved to the kitchen. Sandra travelled to the bedroom. Daniel journeyed to the office. Sandra went back to the kitchen.,Where is Mary?,kitchen,kitchen,True
497,Mary moved to the kitchen. Sandra travelled to the bedroom. Daniel journeyed to the office. Sandra went back to the kitchen. Mary travelled to the bedroom. Sandra went to the bedroom.,Where is Sandra?,bedroom,bedroom,True
498,Mary moved to the kitchen. Sandra travelled to the bedroom. Daniel journeyed to the office. Sandra went back to the kitchen. Mary travelled to the bedroom. Sandra went to the bedroom. John travelled to the office. John moved to the hallway.,Where is John?,hallway,hallway,True
499,Mary moved to the kitchen. Sandra travelled to the bedroom. Daniel journeyed to the office. Sandra went back to the kitchen. Mary travelled to the bedroom. Sandra went to the bedroom. John travelled to the office. John moved to the hallway. Sandra went back to the kitchen. Daniel moved to the kitchen.,Where is John?,hallway,hallway,True
500,Daniel travelled to the kitchen. Sandra went back to the kitchen.,Where is Daniel?,kitchen,kitchen,True
501,Daniel travelled to the kitchen. Sandra went back to the kitchen. Daniel journeyed to the garden. John journeyed to the garden.,Where is Daniel?,garden,garden,True
502,Daniel travelled to the kitchen. Sandra went back to the kitchen. Daniel journeyed to the garden. John journeyed to the garden. Daniel moved to the bathroom. Sandra went back to the bedroom.,Where is Daniel?,bathroom,bathroom,True
503,Daniel travelled to the kitchen. Sandra went back to the kitchen. Daniel journeyed to the garden. John journeyed to the garden. Daniel moved to the bathroom. Sandra went back to the bedroom. John went to the hallway. Daniel journeyed to the kitchen.,Where is John?,hallway,hallway,True
504,Daniel travelled to the kitchen. Sandra went back to the kitchen. Daniel journeyed to the garden. John journeyed to the garden. Daniel moved to the bathroom. Sandra went back to the bedroom. John went to the hallway. Daniel journeyed to the kitchen. Mary journeyed to the bedroom. Daniel moved to the bathroom.,Where is Daniel?,bathroom,bathroom,True
505,Mary moved to the bathroom. Mary journeyed to the kitchen.,Where is Mary?,kitchen,kitchen,True
506,Mary moved to the bathroom. Mary journeyed to the kitchen. Sandra journeyed to the bedroom. Daniel travelled to the bedroom.,Where is Sandra?,bedroom,bedroom,True
507,Mary moved to the bathroom. Mary journeyed to the kitchen. Sandra journeyed to the bedroom. Daniel travelled to the bedroom. Daniel journeyed to the bathroom. Daniel travelled to the office.,Where is Daniel?,office,office,True
508,Mary moved to the bathroom. Mary journeyed to the kitchen. Sandra journeyed to the bedroom. Daniel travelled to the bedroom. Daniel journeyed to the bathroom. Daniel travelled to the office. Mary went back to the office. Sandra moved to the bathroom.,Where is Daniel?,office,bedroom,False
509,Mary moved to the bathroom. Mary journeyed to the kitchen. Sandra journeyed to the bedroom. Daniel travelled to the bedroom. Daniel journeyed to the bathroom. Daniel travelled to the office. Mary went back to the office. Sandra moved to the bathroom. Daniel went back to the kitchen. Daniel went back to the bedroom.,Where is Daniel?,bedroom,bedroom,True
510,Daniel moved to the bedroom. John moved to the bedroom.,Where is John?,bedroom,bedroom,True
511,Daniel moved to the bedroom. John moved to the bedroom. Mary went back to the bedroom. Mary travelled to the office.,Where is Mary?,office,office,True
512,Daniel moved to the bedroom. John moved to the bedroom. Mary went back to the bedroom. Mary travelled to the office. Mary journeyed to the bedroom. John moved to the garden.,Where is Mary?,bedroom,bedroom,True
513,Daniel moved to the bedroom. John moved to the bedroom. Mary went back to the bedroom. Mary travelled to the office. Mary journeyed to the bedroom. John moved to the garden. Daniel travelled to the office. Sandra travelled to the bathroom.,Where is Mary?,bedroom,bedroom,True
514,Daniel moved to the bedroom. John moved to the bedroom. Mary went back to the bedroom. Mary travelled to the office. Mary journeyed to the bedroom. John moved to the garden. Daniel travelled to the office. Sandra travelled to the bathroom. John moved to the hallway. Sandra journeyed to the bedroom.,Where is Daniel?,office,bathroom,False
515,Daniel went back to the bathroom. Mary went back to the bathroom.,Where is Mary?,bathroom,bathroom,True
516,Daniel went back to the bathroom. Mary went back to the bathroom. Mary went to the garden. Sandra moved to the bedroom.,Where is Daniel?,bathroom,bathroom,True
517,Daniel went back to the bathroom. Mary went back to the bathroom. Mary went to the garden. Sandra moved to the bedroom. Mary moved to the kitchen. Mary went to the bathroom.,Where is Sandra?,bedroom,kitchen,False
518,Daniel went back to the bathroom. Mary went back to the bathroom. Mary went to the garden. Sandra moved to the bedroom. Mary moved to the kitchen. Mary went to the bathroom. John travelled to the hallway. Daniel travelled to the hallway.,Where is Daniel?,hallway,hallway,True
519,Daniel went back to the bathroom. Mary went back to the bathroom. Mary went to the garden. Sandra moved to the bedroom. Mary moved to the kitchen. Mary went to the bathroom. John travelled to the hallway. Daniel travelled to the hallway. Daniel travelled to the kitchen. Daniel journeyed to the garden.,Where is Daniel?,garden,garden,True
520,Sandra went to the bathroom. Sandra went to the office.,Where is Sandra?,office,office,True
521,Sandra went to the bathroom. Sandra went to the office. Daniel went back to the office. Sandra journeyed to the garden.,Where is Daniel?,office,office,True
522,Sandra went to the bathroom. Sandra went to the office. Daniel went back to the office. Sandra journeyed to the garden. Daniel went back to the hallway. Sandra journeyed to the hallway.,Where is Daniel?,hallway,hallway,True
523,Sandra went to the bathroom. Sandra went to the office. Daniel went back to the office. Sandra journeyed to the garden. Daniel went back to the hallway. Sandra journeyed to the hallway. Mary travelled to the bathroom. John journeyed to the bedroom.,Where is Daniel?,hallway,garden,False
524,Sandra went to the bathroom. Sandra went to the office. Daniel went back to the office. Sandra journeyed to the garden. Daniel went back to the hallway. Sandra journeyed to the hallway. Mary travelled to the bathroom. John journeyed to the bedroom. Daniel went back to the office. Sandra went back to the garden.,Where is Sandra?,garden,garden,True
525,Sandra went to the kitchen. Mary went to the hallway.,Where is Mary?,hallway,hallway,True
526,Sandra went to the kitchen. Mary went to the hallway. John journeyed to the office. Daniel went back to the office.,Where is Daniel?,office,office,True
527,Sandra went to the kitchen. Mary went to the hallway. John journeyed to the office. Daniel went back to the office. Daniel went back to the kitchen. Daniel travelled to the garden.,Where is Daniel?,garden,garden,True
528,Sandra went to the kitchen. Mary went to the hallway. John journeyed to the office. Daniel went back to the office. Daniel went back to the kitchen. Daniel travelled to the garden. John travelled to the hallway. John went back to the office.,Where is Daniel?,garden,garden,True
529,Sandra went to the kitchen. Mary went to the hallway. John journeyed to the office. Daniel went back to the office. Daniel went back to the kitchen. Daniel travelled to the garden. John travelled to the hallway. John went back to the office. Mary went to the bedroom. Mary travelled to the hallway.,Where is Mary?,hallway,hallway,True
530,Mary moved to the office. John moved to the garden.,Where is John?,garden,garden,True
531,Mary moved to the office. John moved to the garden. Sandra moved to the bedroom. Sandra went back to the office.,Where is John?,garden,garden,True
532,Mary moved to the office. John moved to the garden. Sandra moved to the bedroom. Sandra went back to the office. John went to the bedroom. John journeyed to the garden.,Where is John?,garden,garden,True
533,Mary moved to the office. John moved to the garden. Sandra moved to the bedroom. Sandra went back to the office. John went to the bedroom. John journeyed to the garden. Daniel went back to the hallway. John journeyed to the bedroom.,Where is Sandra?,office,hallway,False
534,Mary moved to the office. John moved to the garden. Sandra moved to the bedroom. Sandra went back to the office. John went to the bedroom. John journeyed to the garden. Daniel went back to the hallway. John journeyed to the bedroom. Daniel journeyed to the bathroom. John travelled to the garden.,Where is Daniel?,bathroom,bathroom,True
535,John moved to the kitchen. Sandra travelled to the garden.,Where is Sandra?,garden,garden,True
536,John moved to the kitchen. Sandra travelled to the garden. Sandra went back to the bathroom. Sandra went back to the bedroom.,Where is Sandra?,bedroom,bedroom,True
537,John moved to the kitchen. Sandra travelled to the garden. Sandra went back to the bathroom. Sandra went back to the bedroom. Sandra journeyed to the office. Sandra travelled to the hallway.,Where is Sandra?,hallway,hallway,True
538,John moved to the kitchen. Sandra travelled to the garden. Sandra went back to the bathroom. Sandra went back to the bedroom. Sandra journeyed to the office. Sandra travelled to the hallway. Daniel went back to the hallway. Daniel went to the garden.,Where is Sandra?,hallway,hallway,True
539,John moved to the kitchen. Sandra travelled to the garden. Sandra went back to the bathroom. Sandra went back to the bedroom. Sandra journeyed to the office. Sandra travelled to the hallway. Daniel went back to the hallway. Daniel went to the garden. Daniel went to the bedroom. Sandra moved to the bedroom.,Where is Sandra?,bedroom,bedroom,True
540,Sandra moved to the office. John went back to the garden.,Where is John?,garden,garden,True
541,Sandra moved to the office. John went back to the garden. Mary went to the office. Daniel travelled to the bedroom.,Where is Mary?,office,office,True
542,Sandra moved to the office. John went back to the garden. Mary went to the office. Daniel travelled to the bedroom. Sandra travelled to the garden. Daniel travelled to the hallway.,Where is Daniel?,hallway,hallway,True
543,Sandra moved to the office. John went back to the garden. Mary went to the office. Daniel travelled to the bedroom. Sandra travelled to the garden. Daniel travelled to the hallway. John travelled to the bedroom. John went to the hallway.,Where is John?,hallway,hallway,True
544,Sandra moved to the office. John went back to the garden. Mary went to the office. Daniel travelled to the bedroom. Sandra travelled to the garden. Daniel travelled to the hallway. John travelled to the bedroom. John went to the hallway. Daniel moved to the bathroom. Daniel travelled to the kitchen.,Where is Daniel?,kitchen,kitchen,True
545,Sandra went back to the kitchen. Sandra journeyed to the garden.,Where is Sandra?,garden,garden,True
546,Sandra went back to the kitchen. Sandra journeyed to the garden. Mary went back to the kitchen. Sandra went to the kitchen.,Where is Mary?,kitchen,kitchen,True
547,Sandra went back to the kitchen. Sandra journeyed to the garden. Mary went back to the kitchen. Sandra went to the kitchen. John journeyed to the office. Daniel went to the hallway.,Where is Mary?,kitchen,kitchen,True
548,Sandra went back to the kitchen. Sandra journeyed to the garden. Mary went back to the kitchen. Sandra went to the kitchen. John journeyed to the office. Daniel went to the hallway. John went back to the hallway. Sandra moved to the bedroom.,Where is John?,hallway,hallway,True
549,Sandra went back to the kitchen. Sandra journeyed to the garden. Mary went back to the kitchen. Sandra went to the kitchen. John journeyed to the office. Daniel went to the hallway. John went back to the hallway. Sandra moved to the bedroom. Mary journeyed to the hallway. Daniel travelled to the bedroom.,Where is Daniel?,bedroom,bedroom,True
550,John travelled to the bedroom. Mary travelled to the bedroom.,Where is John?,bedroom,bedroom,True
551,John travelled to the bedroom. Mary travelled to the bedroom. John journeyed to the bathroom. Sandra went back to the hallway.,Where is John?,bathroom,bathroom,True
552,John travelled to the bedroom. Mary travelled to the bedroom. John journeyed to the bathroom. Sandra went back to the hallway. John went to the office. Daniel travelled to the kitchen.,Where is John?,office,office,True
553,John travelled to the bedroom. Mary travelled to the bedroom. John journeyed to the bathroom. Sandra went back to the hallway. John went to the office. Daniel travelled to the kitchen. Daniel journeyed to the bedroom. John went back to the garden.,Where is Daniel?,bedroom,kitchen,False
554,John travelled to the bedroom. Mary travelled to the bedroom. John journeyed to the bathroom. Sandra went back to the hallway. John went to the office. Daniel travelled to the kitchen. Daniel journeyed to the bedroom. John went back to the garden. John moved to the bedroom. Daniel journeyed to the kitchen.,Where is Daniel?,kitchen,kitchen,True
555,Mary travelled to the bathroom. Sandra journeyed to the hallway.,Where is Sandra?,hallway,hallway,True
556,Mary travelled to the bathroom. Sandra journeyed to the hallway. Mary went to the kitchen. Daniel moved to the office.,Where is Mary?,kitchen,kitchen,True
557,Mary travelled to the bathroom. Sandra journeyed to the hallway. Mary went to the kitchen. Daniel moved to the office. Daniel journeyed to the bedroom. Mary travelled to the bedroom.,Where is Daniel?,bedroom,bedroom,True
558,Mary travelled to the bathroom. Sandra journeyed to the hallway. Mary went to the kitchen. Daniel moved to the office. Daniel journeyed to the bedroom. Mary travelled to the bedroom. Sandra moved to the office. Sandra went back to the bathroom.,Where is Daniel?,bedroom,bedroom,True
559,Mary travelled to the bathroom. Sandra journeyed to the hallway. Mary went to the kitchen. Daniel moved to the office. Daniel journeyed to the bedroom. Mary travelled to the bedroom. Sandra moved to the office. Sandra went back to the bathroom. John went back to the bathroom. John moved to the office.,Where is Mary?,bedroom,bathroom,False
560,Daniel journeyed to the kitchen. Daniel went to the garden.,Where is Daniel?,garden,garden,True
561,Daniel journeyed to the kitchen. Daniel went to the garden. Mary went to the bathroom. Sandra went back to the bedroom.,Where is Sandra?,bedroom,bedroom,True
562,Daniel journeyed to the kitchen. Daniel went to the garden. Mary went to the bathroom. Sandra went back to the bedroom. Sandra moved to the garden. Mary went back to the bedroom.,Where is Sandra?,garden,garden,True
563,Daniel journeyed to the kitchen. Daniel went to the garden. Mary went to the bathroom. Sandra went back to the bedroom. Sandra moved to the garden. Mary went back to the bedroom. Daniel moved to the bathroom. Daniel moved to the kitchen.,Where is Daniel?,kitchen,kitchen,True
564,Daniel journeyed to the kitchen. Daniel went to the garden. Mary went to the bathroom. Sandra went back to the bedroom. Sandra moved to the garden. Mary went back to the bedroom. Daniel moved to the bathroom. Daniel moved to the kitchen. Sandra went back to the bedroom. John moved to the garden.,Where is Sandra?,bedroom,bedroom,True
565,John journeyed to the garden. John travelled to the bathroom.,Where is John?,bathroom,bathroom,True
566,John journeyed to the garden. John travelled to the bathroom. Daniel went back to the garden. Daniel journeyed to the kitchen.,Where is John?,bathroom,bathroom,True
567,John journeyed to the garden. John travelled to the bathroom. Daniel went back to the garden. Daniel journeyed to the kitchen. Sandra travelled to the kitchen. Sandra moved to the hallway.,Where is Daniel?,kitchen,kitchen,True
568,John journeyed to the garden. John travelled to the bathroom. Daniel went back to the garden. Daniel journeyed to the kitchen. Sandra travelled to the kitchen. Sandra moved to the hallway. Sandra travelled to the bedroom. John went back to the office.,Where is Sandra?,bedroom,bedroom,True
569,John journeyed to the garden. John travelled to the bathroom. Daniel went back to the garden. Daniel journeyed to the kitchen. Sandra travelled to the kitchen. Sandra moved to the hallway. Sandra travelled to the bedroom. John went back to the office. Mary went back to the kitchen. Mary moved to the hallway.,Where is Sandra?,bedroom,bedroom,True
570,Daniel went back to the bedroom. Sandra went to the garden.,Where is Daniel?,bedroom,bedroom,True
571,Daniel went back to the bedroom. Sandra went to the garden. Sandra moved to the kitchen. John travelled to the hallway.,Where is Daniel?,bedroom,kitchen,False
572,Daniel went back to the bedroom. Sandra went to the garden. Sandra moved to the kitchen. John travelled to the hallway. Daniel moved to the kitchen. John journeyed to the kitchen.,Where is Sandra?,kitchen,kitchen,True
573,Daniel went back to the bedroom. Sandra went to the garden. Sandra moved to the kitchen. John travelled to the hallway. Daniel moved to the kitchen. John journeyed to the kitchen. Daniel journeyed to the hallway. Sandra went to the office.,Where is John?,kitchen,kitchen,True
574,Daniel went back to the bedroom. Sandra went to the garden. Sandra moved to the kitchen. John travelled to the hallway. Daniel moved to the kitchen. John journeyed to the kitchen. Daniel journeyed to the hallway. Sandra went to the office. Mary journeyed to the office. Daniel travelled to the garden.,Where is Sandra?,office,office,True
575,John travelled to the hallway. John travelled to the bathroom.,Where is John?,bathroom,hallway,False
576,John travelled to the hallway. John travelled to the bathroom. Sandra moved to the kitchen. John journeyed to the bedroom.,Where is John?,bedroom,bedroom,True
577,John travelled to the hallway. John travelled to the bathroom. Sandra moved to the kitchen. John journeyed to the bedroom. Daniel journeyed to the hallway. John journeyed to the bathroom.,Where is Daniel?,hallway,hallway,True
578,John travelled to the hallway. John travelled to the bathroom. Sandra moved to the kitchen. John journeyed to the bedroom. Daniel journeyed to the hallway. John journeyed to the bathroom. Daniel moved to the bedroom. Mary went to the bathroom.,Where is Daniel?,bedroom,bedroom,True
579,John travelled to the hallway. John travelled to the bathroom. Sandra moved to the kitchen. John journeyed to the bedroom. Daniel journeyed to the hallway. John journeyed to the bathroom. Daniel moved to the bedroom. Mary went to the bathroom. Mary went back to the bedroom. Sandra went to the bathroom.,Where is Daniel?,bedroom,bedroom,True
580,John went back to the hallway. Sandra went to the kitchen.,Where is John?,hallway,hallway,True
581,John went back to the hallway. Sandra went to the kitchen. Daniel went back to the bedroom. Mary moved to the kitchen.,Where is John?,hallway,hallway,True
582,John went back to the hallway. Sandra went to the kitchen. Daniel went back to the bedroom. Mary moved to the kitchen. John journeyed to the bedroom. Daniel went to the garden.,Where is Daniel?,garden,garden,True
583,John went back to the hallway. Sandra went to the kitchen. Daniel went back to the bedroom. Mary moved to the kitchen. John journeyed to the bedroom. Daniel went to the garden. Daniel went back to the kitchen. John went back to the garden.,Where is Daniel?,kitchen,kitchen,True
584,John went back to the hallway. Sandra went to the kitchen. Daniel went back to the bedroom. Mary moved to the kitchen. John journeyed to the bedroom. Daniel went to the garden. Daniel went back to the kitchen. John went back to the garden. John went to the bathroom. Mary journeyed to the bedroom.,Where is Mary?,bedroom,bedroom,True
585,Sandra travelled to the bedroom. Daniel went to the bedroom.,Where is Sandra?,bedroom,bedroom,True
586,Sandra travelled to the bedroom. Daniel went to the bedroom. Sandra journeyed to the garden. Daniel went back to the hallway.,Where is Sandra?,garden,hallway,False
587,Sandra travelled to the bedroom. Daniel went to the bedroom. Sandra journeyed to the garden. Daniel went back to the hallway. Sandra travelled to the office. John travelled to the bathroom.,Where is Daniel?,hallway,hallway,True
588,Sandra travelled to the bedroom. Daniel went to the bedroom. Sandra journeyed to the garden. Daniel went back to the hallway. Sandra travelled to the office. John travelled to the bathroom. Mary went to the bedroom. John moved to the bedroom.,Where is John?,bedroom,bedroom,True
589,Sandra travelled to the bedroom. Daniel went to the bedroom. Sandra journeyed to the garden. Daniel went back to the hallway. Sandra travelled to the office. John travelled to the bathroom. Mary went to the bedroom. John moved to the bedroom. Sandra went to the bedroom. Sandra went to the garden.,Where is Mary?,bedroom,bedroom,True
590,Sandra went back to the bathroom. Sandra journeyed to the office.,Where is Sandra?,office,office,True
591,Sandra went back to the bathroom. Sandra journeyed to the office. Mary travelled to the hallway. Daniel went to the office.,Where is Mary?,hallway,hallway,True
592,Sandra went back to the bathroom. Sandra journeyed to the office. Mary travelled to the hallway. Daniel went to the office. Mary journeyed to the garden. John travelled to the office.,Where is John?,office,office,True
593,Sandra went back to the bathroom. Sandra journeyed to the office. Mary travelled to the hallway. Daniel went to the office. Mary journeyed to the garden. John travelled to the office. Sandra moved to the kitchen. John moved to the garden.,Where is John?,garden,garden,True
594,Sandra went back to the bathroom. Sandra journeyed to the office. Mary travelled to the hallway. Daniel went to the office. Mary journeyed to the garden. John travelled to the office. Sandra moved to the kitchen. John moved to the garden. Daniel moved to the garden. John went to the bathroom.,Where is John?,bathroom,bathroom,True
595,Mary went to the bathroom. Sandra went back to the bathroom.,Where is Sandra?,bathroom,bathroom,True
596,Mary went to the bathroom. Sandra went back to the bathroom. Sandra moved to the office. John journeyed to the hallway.,Where is Sandra?,office,office,True
597,Mary went to the bathroom. Sandra went back to the bathroom. Sandra moved to the office. John journeyed to the hallway. Daniel went to the hallway. Daniel went back to the garden.,Where is Sandra?,office,office,True
598,Mary went to the bathroom. Sandra went back to the bathroom. Sandra moved to the office. John journeyed to the hallway. Daniel went to the hallway. Daniel went back to the garden. Sandra journeyed to the bathroom. Sandra moved to the hallway.,Where is Daniel?,garden,garden,True
599,Mary went to the bathroom. Sandra went back to the bathroom. Sandra moved to the office. John journeyed to the hallway. Daniel went to the hallway. Daniel went back to the garden. Sandra journeyed to the bathroom. Sandra moved to the hallway. Sandra travelled to the garden. Daniel travelled to the bedroom.,Where is Daniel?,bedroom,bedroom,True
600,John journeyed to the bathroom. John moved to the bedroom.,Where is John?,bedroom,bedroom,True
601,John journeyed to the bathroom. John moved to the bedroom. Mary journeyed to the office. Sandra moved to the bedroom.,Where is Sandra?,bedroom,bedroom,True
602,John journeyed to the bathroom. John moved to the bedroom. Mary journeyed to the office. Sandra moved to the bedroom. Mary went to the kitchen. John travelled to the garden.,Where is Mary?,kitchen,bedroom,False
603,John journeyed to the bathroom. John moved to the bedroom. Mary journeyed to the office. Sandra moved to the bedroom. Mary went to the kitchen. John travelled to the garden. John moved to the bathroom. Sandra travelled to the kitchen.,Where is Sandra?,kitchen,kitchen,True
604,John journeyed to the bathroom. John moved to the bedroom. Mary journeyed to the office. Sandra moved to the bedroom. Mary went to the kitchen. John travelled to the garden. John moved to the bathroom. Sandra travelled to the kitchen. Mary travelled to the office. John journeyed to the office.,Where is John?,office,office,True
605,Sandra went back to the bedroom. Mary journeyed to the garden.,Where is Mary?,garden,garden,True
606,Sandra went back to the bedroom. Mary journeyed to the garden. John journeyed to the kitchen. Sandra went to the office.,Where is John?,kitchen,kitchen,True
607,Sandra went back to the bedroom. Mary journeyed to the garden. John journeyed to the kitchen. Sandra went to the office. John moved to the hallway. Sandra went back to the garden.,Where is John?,hallway,hallway,True
608,Sandra went back to the bedroom. Mary journeyed to the garden. John journeyed to the kitchen. Sandra went to the office. John moved to the hallway. Sandra went back to the garden. John went back to the kitchen. Daniel journeyed to the bedroom.,Where is Sandra?,garden,garden,True
609,Sandra went back to the bedroom. Mary journeyed to the garden. John journeyed to the kitchen. Sandra went to the office. John moved to the hallway. Sandra went back to the garden. John went back to the kitchen. Daniel journeyed to the bedroom. John went to the bathroom. Sandra moved to the bedroom.,Where is Daniel?,bedroom,bedroom,True
610,Sandra journeyed to the office. Daniel moved to the kitchen.,Where is Daniel?,kitchen,kitchen,True
611,Sandra journeyed to the office. Daniel moved to the kitchen. Mary went to the kitchen. John journeyed to the office.,Where is Sandra?,office,kitchen,False
612,Sandra journeyed to the office. Daniel moved to the kitchen. Mary went to the kitchen. John journeyed to the office. Daniel went back to the bathroom. John went to the garden.,Where is Daniel?,bathroom,kitchen,False
613,Sandra journeyed to the office. Daniel moved to the kitchen. Mary went to the kitchen. John journeyed to the office. Daniel went back to the bathroom. John went to the garden. Mary journeyed to the office. Daniel went to the garden.,Where is John?,garden,garden,True
614,Sandra journeyed to the office. Daniel moved to the kitchen. Mary went to the kitchen. John journeyed to the office. Daniel went back to the bathroom. John went to the garden. Mary journeyed to the office. Daniel went to the garden. Daniel travelled to the bathroom. Sandra travelled to the bathroom.,Where is Sandra?,bathroom,hallway,False
615,Daniel went back to the office. Sandra moved to the bathroom.,Where is Daniel?,office,office,True
616,Daniel went back to the office. Sandra moved to the bathroom. Sandra travelled to the kitchen. Mary went to the kitchen.,Where is Sandra?,kitchen,kitchen,True
617,Daniel went back to the office. Sandra moved to the bathroom. Sandra travelled to the kitchen. Mary went to the kitchen. Daniel travelled to the bathroom. Daniel went back to the hallway.,Where is Daniel?,hallway,hallway,True
618,Daniel went back to the office. Sandra moved to the bathroom. Sandra travelled to the kitchen. Mary went to the kitchen. Daniel travelled to the bathroom. Daniel went back to the hallway. Daniel travelled to the bedroom. Sandra went back to the office.,Where is Mary?,kitchen,kitchen,True
619,Daniel went back to the office. Sandra moved to the bathroom. Sandra travelled to the kitchen. Mary went to the kitchen. Daniel travelled to the bathroom. Daniel went back to the hallway. Daniel travelled to the bedroom. Sandra went back to the office. John moved to the hallway. Daniel travelled to the hallway.,Where is Sandra?,office,office,True
620,Mary journeyed to the bathroom. John went back to the garden.,Where is John?,garden,garden,True
621,Mary journeyed to the bathroom. John went back to the garden. Mary went to the office. John went back to the bedroom.,Where is Mary?,office,office,True
622,Mary journeyed to the bathroom. John went back to the garden. Mary went to the office. John went back to the bedroom. John journeyed to the bathroom. Sandra journeyed to the bathroom.,Where is Mary?,office,bedroom,False
623,Mary journeyed to the bathroom. John went back to the garden. Mary went to the office. John went back to the bedroom. John journeyed to the bathroom. Sandra journeyed to the bathroom. Sandra moved to the kitchen. John went to the office.,Where is Sandra?,kitchen,kitchen,True
624,Mary journeyed to the bathroom. John went back to the garden. Mary went to the office. John went back to the bedroom. John journeyed to the bathroom. Sandra journeyed to the bathroom. Sandra moved to the kitchen. John went to the office. John travelled to the bedroom. John went back to the bathroom.,Where is John?,bathroom,bathroom,True
625,Daniel went back to the bedroom. John went back to the bedroom.,Where is Daniel?,bedroom,bedroom,True
626,Daniel went back to the bedroom. John went back to the bedroom. John went back to the bathroom. Mary journeyed to the hallway.,Where is John?,bathroom,bathroom,True
627,Daniel went back to the bedroom. John went back to the bedroom. John went back to the bathroom. Mary journeyed to the hallway. Daniel travelled to the bathroom. Mary went to the garden.,Where is John?,bathroom,bathroom,True
628,Daniel went back to the bedroom. John went back to the bedroom. John went back to the bathroom. Mary journeyed to the hallway. Daniel travelled to the bathroom. Mary went to the garden. John travelled to the hallway. John travelled to the bedroom.,Where is John?,bedroom,bedroom,True
629,Daniel went back to the bedroom. John went back to the bedroom. John went back to the bathroom. Mary journeyed to the hallway. Daniel travelled to the bathroom. Mary went to the garden. John travelled to the hallway. John travelled to the bedroom. Daniel went to the bedroom. Daniel went back to the garden.,Where is John?,bedroom,bedroom,True
630,John journeyed to the garden. John travelled to the bathroom.,Where is John?,bathroom,bathroom,True
631,John journeyed to the garden. John travelled to the bathroom. Mary moved to the kitchen. Mary went back to the bedroom.,Where is Mary?,bedroom,bedroom,True
632,John journeyed to the garden. John travelled to the bathroom. Mary moved to the kitchen. Mary went back to the bedroom. John went to the hallway. John went to the kitchen.,Where is Mary?,bedroom,bedroom,True
633,John journeyed to the garden. John travelled to the bathroom. Mary moved to the kitchen. Mary went back to the bedroom. John went to the hallway. John went to the kitchen. Mary travelled to the kitchen. Sandra went back to the bathroom.,Where is Mary?,kitchen,kitchen,True
634,John journeyed to the garden. John travelled to the bathroom. Mary moved to the kitchen. Mary went back to the bedroom. John went to the hallway. John went to the kitchen. Mary travelled to the kitchen. Sandra went back to the bathroom. John travelled to the garden. Mary moved to the bathroom.,Where is John?,garden,garden,True
635,John went to the garden. Sandra travelled to the garden.,Where is John?,garden,garden,True
636,John went to the garden. Sandra travelled to the garden. John travelled to the bedroom. John travelled to the office.,Where is Sandra?,garden,garden,True
637,John went to the garden. Sandra travelled to the garden. John travelled to the bedroom. John travelled to the office. John went back to the kitchen. Mary travelled to the hallway.,Where is John?,kitchen,kitchen,True
638,John went to the garden. Sandra travelled to the garden. John travelled to the bedroom. John travelled to the office. John went back to the kitchen. Mary travelled to the hallway. Daniel travelled to the hallway. John travelled to the garden.,Where is Mary?,hallway,garden,False
639,John went to the garden. Sandra travelled to the garden. John travelled to the bedroom. John travelled to the office. John went back to the kitchen. Mary travelled to the hallway. Daniel travelled to the hallway. John travelled to the garden. Daniel journeyed to the office. Sandra went to the bathroom.,Where is Sandra?,bathroom,bathroom,True
640,Daniel journeyed to the garden. John moved to the garden.,Where is Daniel?,garden,garden,True
641,Daniel journeyed to the garden. John moved to the garden. Sandra moved to the bedroom. John went back to the office.,Where is Daniel?,garden,bedroom,False
642,Daniel journeyed to the garden. John moved to the garden. Sandra moved to the bedroom. John went back to the office. John went back to the bedroom. Daniel went back to the bedroom.,Where is Daniel?,bedroom,bedroom,True
643,Daniel journeyed to the garden. John moved to the garden. Sandra moved to the bedroom. John went back to the office. John went back to the bedroom. Daniel went back to the bedroom. John went to the office. Sandra went to the garden.,Where is John?,office,office,True
644,Daniel journeyed to the garden. John moved to the garden. Sandra moved to the bedroom. John went back to the office. John went back to the bedroom. Daniel went back to the bedroom. John went to the office. Sandra went to the garden. Mary went back to the bathroom. Daniel went to the garden.,Where is Sandra?,garden,bedroom,False
645,Mary travelled to the garden. John went back to the kitchen.,Where is Mary?,garden,garden,True
646,Mary travelled to the garden. John went back to the kitchen. Sandra journeyed to the office. Sandra journeyed to the hallway.,Where is Sandra?,hallway,hallway,True
647,Mary travelled to the garden. John went back to the kitchen. Sandra journeyed to the office. Sandra journeyed to the hallway. John travelled to the bathroom. Sandra moved to the office.,Where is Sandra?,office,office,True
648,Mary travelled to the garden. John went back to the kitchen. Sandra journeyed to the office. Sandra journeyed to the hallway. John travelled to the bathroom. Sandra moved to the office. Sandra moved to the kitchen. Daniel went back to the bathroom.,Where is Sandra?,kitchen,kitchen,True
649,Mary travelled to the garden. John went back to the kitchen. Sandra journeyed to the office. Sandra journeyed to the hallway. John travelled to the bathroom. Sandra moved to the office. Sandra moved to the kitchen. Daniel went back to the bathroom. Daniel journeyed to the garden. John went back to the bedroom.,Where is Sandra?,kitchen,garden,False
650,Daniel went to the garden. Daniel journeyed to the bathroom.,Where is Daniel?,bathroom,bathroom,True
651,Daniel went to the garden. Daniel journeyed to the bathroom. Mary journeyed to the garden. Sandra went back to the garden.,Where is Sandra?,garden,garden,True
652,Daniel went to the garden. Daniel journeyed to the bathroom. Mary journeyed to the garden. Sandra went back to the garden. Mary went back to the bedroom. Daniel went back to the kitchen.,Where is Daniel?,kitchen,kitchen,True
653,Daniel went to the garden. Daniel journeyed to the bathroom. Mary journeyed to the garden. Sandra went back to the garden. Mary went back to the bedroom. Daniel went back to the kitchen. Daniel went to the office. Mary journeyed to the kitchen.,Where is Mary?,kitchen,kitchen,True
654,Daniel went to the garden. Daniel journeyed to the bathroom. Mary journeyed to the garden. Sandra went back to the garden. Mary went back to the bedroom. Daniel went back to the kitchen. Daniel went to the office. Mary journeyed to the kitchen. Sandra travelled to the bathroom. Mary travelled to the garden.,Where is Mary?,garden,garden,True
655,Daniel went to the bathroom. Mary travelled to the bathroom.,Where is Mary?,bathroom,bathroom,True
656,Daniel went to the bathroom. Mary travelled to the bathroom. John went to the office. John journeyed to the kitchen.,Where is John?,kitchen,kitchen,True
657,Daniel went to the bathroom. Mary travelled to the bathroom. John went to the office. John journeyed to the kitchen. Sandra went to the hallway. Sandra travelled to the garden.,Where is John?,kitchen,kitchen,True
658,Daniel went to the bathroom. Mary travelled to the bathroom. John went to the office. John journeyed to the kitchen. Sandra went to the hallway. Sandra travelled to the garden. Daniel journeyed to the office. Daniel moved to the garden.,Where is Daniel?,garden,garden,True
659,Daniel went to the bathroom. Mary travelled to the bathroom. John went to the office. John journeyed to the kitchen. Sandra went to the hallway. Sandra travelled to the garden. Daniel journeyed to the office. Daniel moved to the garden. Mary moved to the garden. Daniel went to the kitchen.,Where is Daniel?,kitchen,kitchen,True
660,Sandra journeyed to the kitchen. John moved to the hallway.,Where is Sandra?,kitchen,kitchen,True
661,Sandra journeyed to the kitchen. John moved to the hallway. Daniel went back to the hallway. Mary went to the bathroom.,Where is Sandra?,kitchen,kitchen,True
662,Sandra journeyed to the kitchen. John moved to the hallway. Daniel went back to the hallway. Mary went to the bathroom. John travelled to the garden. Mary moved to the hallway.,Where is John?,garden,garden,True
663,Sandra journeyed to the kitchen. John moved to the hallway. Daniel went back to the hallway. Mary went to the bathroom. John travelled to the garden. Mary moved to the hallway. Mary went back to the bedroom. Daniel went to the office.,Where is Mary?,bedroom,bedroom,True
664,Sandra journeyed to the kitchen. John moved to the hallway. Daniel went back to the hallway. Mary went to the bathroom. John travelled to the garden. Mary moved to the hallway. Mary went back to the bedroom. Daniel went to the office. Daniel went back to the garden. Sandra moved to the bathroom.,Where is Mary?,bedroom,bedroom,True
665,Mary went to the bathroom. Daniel moved to the office.,Where is Mary?,bathroom,bathroom,True
666,Mary went to the bathroom. Daniel moved to the office. Sandra journeyed to the office. John travelled to the garden.,Where is Daniel?,office,office,True
667,Mary went to the bathroom. Daniel moved to the office. Sandra journeyed to the office. John travelled to the garden. John went back to the hallway. John moved to the office.,Where is John?,office,office,True
668,Mary went to the bathroom. Daniel moved to the office. Sandra journeyed to the office. John travelled to the garden. John went back to the hallway. John moved to the office. Sandra travelled to the kitchen. Sandra journeyed to the bedroom.,Where is John?,office,office,True
669,Mary went to the bathroom. Daniel moved to the office. Sandra journeyed to the office. John travelled to the garden. John went back to the hallway. John moved to the office. Sandra travelled to the kitchen. Sandra journeyed to the bedroom. Sandra went to the garden. Daniel went to the hallway.,Where is John?,office,office,True
670,Daniel went back to the office. John went to the bedroom.,Where is John?,bedroom,bedroom,True
671,Daniel went back to the office. John went to the bedroom. Mary went to the kitchen. Daniel moved to the garden.,Where is John?,bedroom,bedroom,True
672,Daniel went back to the office. John went to the bedroom. Mary went to the kitchen. Daniel moved to the garden. Daniel travelled to the office. Mary journeyed to the office.,Where is Daniel?,office,office,True
673,Daniel went back to the office. John went to the bedroom. Mary went to the kitchen. Daniel moved to the garden. Daniel travelled to the office. Mary journeyed to the office. Daniel went to the bathroom. Mary went back to the kitchen.,Where is Daniel?,bathroom,bathroom,True
674,Daniel went back to the office. John went to the bedroom. Mary went to the kitchen. Daniel moved to the garden. Daniel travelled to the office. Mary journeyed to the office. Daniel went to the bathroom. Mary went back to the kitchen. John went to the office. John moved to the garden.,Where is Mary?,kitchen,office,False
675,Daniel went back to the hallway. Mary went to the bathroom.,Where is Mary?,bathroom,hallway,False
676,Daniel went back to the hallway. Mary went to the bathroom. John travelled to the hallway. Mary went to the office.,Where is Mary?,office,office,True
677,Daniel went back to the hallway. Mary went to the bathroom. John travelled to the hallway. Mary went to the office. Sandra travelled to the bathroom. Sandra journeyed to the hallway.,Where is Sandra?,hallway,hallway,True
678,Daniel went back to the hallway. Mary went to the bathroom. John travelled to the hallway. Mary went to the office. Sandra travelled to the bathroom. Sandra journeyed to the hallway. Daniel journeyed to the bathroom. Daniel moved to the bedroom.,Where is Sandra?,hallway,hallway,True
679,Daniel went back to the hallway. Mary went to the bathroom. John travelled to the hallway. Mary went to the office. Sandra travelled to the bathroom. Sandra journeyed to the hallway. Daniel journeyed to the bathroom. Daniel moved to the bedroom. Mary journeyed to the hallway. Daniel travelled to the bathroom.,Where is Sandra?,hallway,hallway,True
680,Mary travelled to the bathroom. Daniel went back to the kitchen.,Where is Daniel?,kitchen,kitchen,True
681,Mary travelled to the bathroom. Daniel went back to the kitchen. John moved to the bedroom. Sandra went to the kitchen.,Where is Daniel?,kitchen,kitchen,True
682,Mary travelled to the bathroom. Daniel went back to the kitchen. John moved to the bedroom. Sandra went to the kitchen. Daniel went back to the garden. Mary went back to the kitchen.,Where is Mary?,kitchen,kitchen,True
683,Mary travelled to the bathroom. Daniel went back to the kitchen. John moved to the bedroom. Sandra went to the kitchen. Daniel went back to the garden. Mary went back to the kitchen. Mary moved to the bathroom. Mary travelled to the office.,Where is Mary?,office,office,True
684,Mary travelled to the bathroom. Daniel went back to the kitchen. John moved to the bedroom. Sandra went to the kitchen. Daniel went back to the garden. Mary went back to the kitchen. Mary moved to the bathroom. Mary travelled to the office. Daniel went to the bathroom. Sandra went back to the garden.,Where is Daniel?,bathroom,bathroom,True
685,Sandra journeyed to the hallway. John went back to the garden.,Where is John?,garden,garden,True
686,Sandra journeyed to the hallway. John went back to the garden. Daniel journeyed to the office. Mary journeyed to the bathroom.,Where is Mary?,bathroom,hallway,False
687,Sandra journeyed to the hallway. John went back to the garden. Daniel journeyed to the office. Mary journeyed to the bathroom. John went to the kitchen. Mary journeyed to the office.,Where is Daniel?,office,kitchen,False
688,Sandra journeyed to the hallway. John went back to the garden. Daniel journeyed to the office. Mary journeyed to the bathroom. John went to the kitchen. Mary journeyed to the office. John journeyed to the bathroom. Sandra went to the office.,Where is John?,bathroom,bathroom,True
689,Sandra journeyed to the hallway. John went back to the garden. Daniel journeyed to the office. Mary journeyed to the bathroom. John went to the kitchen. Mary journeyed to the office. John journeyed to the bathroom. Sandra went to the office. Daniel moved to the hallway. John journeyed to the hallway.,Where is John?,hallway,hallway,True
690,Sandra travelled to the bedroom. Sandra journeyed to the garden.,Where is Sandra?,garden,bedroom,False
691,Sandra travelled to the bedroom. Sandra journeyed to the garden. Sandra moved to the hallway. Sandra travelled to the bathroom.,Where is Sandra?,bathroom,hallway,False
692,Sandra travelled to the bedroom. Sandra journeyed to the garden. Sandra moved to the hallway. Sandra travelled to the bathroom. Mary went to the bathroom. John moved to the office.,Where is Sandra?,bathroom,bathroom,True
693,Sandra travelled to the bedroom. Sandra journeyed to the garden. Sandra moved to the hallway. Sandra travelled to the bathroom. Mary went to the bathroom. John moved to the office. Sandra went back to the office. Mary travelled to the hallway.,Where is Sandra?,office,office,True
694,Sandra travelled to the bedroom. Sandra journeyed to the garden. Sandra moved to the hallway. Sandra travelled to the bathroom. Mary went to the bathroom. John moved to the office. Sandra went back to the office. Mary travelled to the hallway. Mary went to the garden. Daniel moved to the office.,Where is Mary?,garden,garden,True
695,Mary went back to the bathroom. Mary journeyed to the garden.,Where is Mary?,garden,garden,True
696,Mary went back to the bathroom. Mary journeyed to the garden. Sandra went back to the bedroom. Daniel moved to the bathroom.,Where is Mary?,garden,garden,True
697,Mary went back to the bathroom. Mary journeyed to the garden. Sandra went back to the bedroom. Daniel moved to the bathroom. Mary moved to the hallway. Daniel went to the hallway.,Where is Sandra?,bedroom,bathroom,False
698,Mary went back to the bathroom. Mary journeyed to the garden. Sandra went back to the bedroom. Daniel moved to the bathroom. Mary moved to the hallway. Daniel went to the hallway. Daniel went to the bedroom. Sandra journeyed to the kitchen.,Where is Sandra?,kitchen,kitchen,True
699,Mary went back to the bathroom. Mary journeyed to the garden. Sandra went back to the bedroom. Daniel moved to the bathroom. Mary moved to the hallway. Daniel went to the hallway. Daniel went to the bedroom. Sandra journeyed to the kitchen. Mary journeyed to the bedroom. Sandra journeyed to the garden.,Where is Daniel?,bedroom,kitchen,False
700,Mary moved to the hallway. Daniel travelled to the hallway.,Where is Mary?,hallway,hallway,True
701,Mary moved to the hallway. Daniel travelled to the hallway. John went back to the hallway. John went to the office.,Where is Mary?,hallway,hallway,True
702,Mary moved to the hallway. Daniel travelled to the hallway. John went back to the hallway. John went to the office. John moved to the kitchen. John travelled to the bathroom.,Where is John?,bathroom,bathroom,True
703,Mary moved to the hallway. Daniel travelled to the hallway. John went back to the hallway. John went to the office. John moved to the kitchen. John travelled to the bathroom. Sandra travelled to the garden. Sandra went to the bathroom.,Where is John?,bathroom,bathroom,True
704,Mary moved to the hallway. Daniel travelled to the hallway. John went back to the hallway. John went to the office. John moved to the kitchen. John travelled to the bathroom. Sandra travelled to the garden. Sandra went to the bathroom. Daniel moved to the bathroom. John went to the office.,Where is John?,office,office,True
705,Mary moved to the hallway. John travelled to the garden.,Where is Mary?,hallway,hallway,True
706,Mary moved to the hallway. John travelled to the garden. Daniel travelled to the garden. Daniel went to the office.,Where is Mary?,hallway,hallway,True
707,Mary moved to the hallway. John travelled to the garden. Daniel travelled to the garden. Daniel went to the office. Daniel moved to the bathroom. Sandra went back to the office.,Where is Daniel?,bathroom,office,False
708,Mary moved to the hallway. John travelled to the garden. Daniel travelled to the garden. Daniel went to the office. Daniel moved to the bathroom. Sandra went back to the office. Mary went back to the garden. Mary moved to the hallway.,Where is Sandra?,office,garden,False
709,Mary moved to the hallway. John travelled to the garden. Daniel travelled to the garden. Daniel went to the office. Daniel moved to the bathroom. Sandra went back to the office. Mary went back to the garden. Mary moved to the hallway. John travelled to the hallway. John went to the kitchen.,Where is Mary?,hallway,hallway,True
710,John travelled to the bathroom. John travelled to the garden.,Where is John?,garden,garden,True
711,John travelled to the bathroom. John travelled to the garden. Daniel journeyed to the office. Sandra went to the garden.,Where is Sandra?,garden,garden,True
712,John travelled to the bathroom. John travelled to the garden. Daniel journeyed to the office. Sandra went to the garden. John travelled to the kitchen. Mary journeyed to the bedroom.,Where is John?,kitchen,kitchen,True
713,John travelled to the bathroom. John travelled to the garden. Daniel journeyed to the office. Sandra went to the garden. John travelled to the kitchen. Mary journeyed to the bedroom. Mary moved to the hallway. Sandra went to the kitchen.,Where is Sandra?,kitchen,kitchen,True
714,John travelled to the bathroom. John travelled to the garden. Daniel journeyed to the office. Sandra went to the garden. John travelled to the kitchen. Mary journeyed to the bedroom. Mary moved to the hallway. Sandra went to the kitchen. Daniel went back to the hallway. Sandra went to the bathroom.,Where is Daniel?,hallway,hallway,True
715,John journeyed to the bedroom. Sandra journeyed to the garden.,Where is Sandra?,garden,bedroom,False
716,John journeyed to the bedroom. Sandra journeyed to the garden. Daniel went back to the hallway. Mary went to the hallway.,Where is Mary?,hallway,hallway,True
717,John journeyed to the bedroom. Sandra journeyed to the garden. Daniel went back to the hallway. Mary went to the hallway. Daniel travelled to the kitchen. Daniel went to the office.,Where is Daniel?,office,hallway,False
718,John journeyed to the bedroom. Sandra journeyed to the garden. Daniel went back to the hallway. Mary went to the hallway. Daniel travelled to the kitchen. Daniel went to the office. Daniel travelled to the bedroom. Sandra went to the office.,Where is Mary?,hallway,hallway,True
719,John journeyed to the bedroom. Sandra journeyed to the garden. Daniel went back to the hallway. Mary went to the hallway. Daniel travelled to the kitchen. Daniel went to the office. Daniel travelled to the bedroom. Sandra went to the office. Mary went back to the bathroom. Mary journeyed to the office.,Where is Sandra?,office,bedroom,False
720,Sandra moved to the bedroom. Daniel journeyed to the garden.,Where is Daniel?,garden,bedroom,False
721,Sandra moved to the bedroom. Daniel journeyed to the garden. Mary moved to the bedroom. Sandra went back to the hallway.,Where is Sandra?,hallway,hallway,True
722,Sandra moved to the bedroom. Daniel journeyed to the garden. Mary moved to the bedroom. Sandra went back to the hallway. John went to the office. Sandra went back to the bathroom.,Where is Daniel?,garden,bedroom,False
723,Sandra moved to the bedroom. Daniel journeyed to the garden. Mary moved to the bedroom. Sandra went back to the hallway. John went to the office. Sandra went back to the bathroom. Sandra went back to the kitchen. Sandra travelled to the office.,Where is Sandra?,office,office,True
724,Sandra moved to the bedroom. Daniel journeyed to the garden. Mary moved to the bedroom. Sandra went back to the hallway. John went to the office. Sandra went back to the bathroom. Sandra went back to the kitchen. Sandra travelled to the office. John moved to the garden. Daniel went to the bedroom.,Where is Sandra?,office,office,True
725,Sandra went to the garden. John travelled to the office.,Where is Sandra?,garden,garden,True
726,Sandra went to the garden. John travelled to the office. Sandra went back to the hallway. Mary went back to the office.,Where is John?,office,office,True
727,Sandra went to the garden. John travelled to the office. Sandra went back to the hallway. Mary went back to the office. Mary moved to the kitchen. Mary went back to the bathroom.,Where is Mary?,bathroom,bathroom,True
728,Sandra went to the garden. John travelled to the office. Sandra went back to the hallway. Mary went back to the office. Mary moved to the kitchen. Mary went back to the bathroom. Mary travelled to the garden. Daniel went back to the kitchen.,Where is Mary?,garden,garden,True
729,Sandra went to the garden. John travelled to the office. Sandra went back to the hallway. Mary went back to the office. Mary moved to the kitchen. Mary went back to the bathroom. Mary travelled to the garden. Daniel went back to the kitchen. Sandra travelled to the kitchen. Daniel travelled to the bathroom.,Where is Daniel?,bathroom,bathroom,True
730,John went back to the bedroom. Sandra journeyed to the bathroom.,Where is John?,bedroom,bedroom,True
731,John went back to the bedroom. Sandra journeyed to the bathroom. Sandra went to the hallway. Mary went back to the hallway.,Where is John?,bedroom,bedroom,True
732,John went back to the bedroom. Sandra journeyed to the bathroom. Sandra went to the hallway. Mary went back to the hallway. Mary moved to the kitchen. Daniel went back to the hallway.,Where is Sandra?,hallway,hallway,True
733,John went back to the bedroom. Sandra journeyed to the bathroom. Sandra went to the hallway. Mary went back to the hallway. Mary moved to the kitchen. Daniel went back to the hallway. Daniel travelled to the bedroom. Mary travelled to the office.,Where is Mary?,office,office,True
734,John went back to the bedroom. Sandra journeyed to the bathroom. Sandra went to the hallway. Mary went back to the hallway. Mary moved to the kitchen. Daniel went back to the hallway. Daniel travelled to the bedroom. Mary travelled to the office. Sandra travelled to the garden. John went back to the hallway.,Where is Daniel?,bedroom,bedroom,True
735,Sandra moved to the bedroom. John went to the hallway.,Where is John?,hallway,hallway,True
736,Sandra moved to the bedroom. John went to the hallway. Sandra travelled to the office. Sandra moved to the bathroom.,Where is Sandra?,bathroom,bathroom,True
737,Sandra moved to the bedroom. John went to the hallway. Sandra travelled to the office. Sandra moved to the bathroom. John went back to the garden. John travelled to the bathroom.,Where is John?,bathroom,bathroom,True
738,Sandra moved to the bedroom. John went to the hallway. Sandra travelled to the office. Sandra moved to the bathroom. John went back to the garden. John travelled to the bathroom. Daniel travelled to the garden. Mary went back to the bathroom.,Where is John?,bathroom,bathroom,True
739,Sandra moved to the bedroom. John went to the hallway. Sandra travelled to the office. Sandra moved to the bathroom. John went back to the garden. John travelled to the bathroom. Daniel travelled to the garden. Mary went back to the bathroom. John moved to the kitchen. Daniel went back to the bedroom.,Where is John?,kitchen,kitchen,True
740,John moved to the bathroom. John travelled to the garden.,Where is John?,garden,garden,True
741,John moved to the bathroom. John travelled to the garden. Sandra travelled to the hallway. Daniel moved to the kitchen.,Where is John?,garden,garden,True
742,John moved to the bathroom. John travelled to the garden. Sandra travelled to the hallway. Daniel moved to the kitchen. Sandra journeyed to the office. Mary moved to the bathroom.,Where is Daniel?,kitchen,kitchen,True
743,John moved to the bathroom. John travelled to the garden. Sandra travelled to the hallway. Daniel moved to the kitchen. Sandra journeyed to the office. Mary moved to the bathroom. Daniel went back to the hallway. Mary journeyed to the kitchen.,Where is Sandra?,office,kitchen,False
744,John moved to the bathroom. John travelled to the garden. Sandra travelled to the hallway. Daniel moved to the kitchen. Sandra journeyed to the office. Mary moved to the bathroom. Daniel went back to the hallway. Mary journeyed to the kitchen. John moved to the bathroom. Daniel travelled to the bathroom.,Where is Daniel?,bathroom,bathroom,True
745,Daniel journeyed to the bedroom. Sandra went back to the office.,Where is Daniel?,bedroom,bedroom,True
746,Daniel journeyed to the bedroom. Sandra went back to the office. Daniel travelled to the garden. John went back to the bathroom.,Where is John?,bathroom,bathroom,True
747,Daniel journeyed to the bedroom. Sandra went back to the office. Daniel travelled to the garden. John went back to the bathroom. Mary travelled to the kitchen. John went to the hallway.,Where is John?,hallway,hallway,True
748,Daniel journeyed to the bedroom. Sandra went back to the office. Daniel travelled to the garden. John went back to the bathroom. Mary travelled to the kitchen. John went to the hallway. John travelled to the office. Daniel went back to the bathroom.,Where is John?,office,office,True
749,Daniel journeyed to the bedroom. Sandra went back to the office. Daniel travelled to the garden. John went back to the bathroom. Mary travelled to the kitchen. John went to the hallway. John travelled to the office. Daniel went back to the bathroom. Mary travelled to the hallway. John went to the kitchen.,Where is John?,kitchen,kitchen,True
750,Sandra went to the bedroom. Sandra travelled to the office.,Where is Sandra?,office,office,True
751,Sandra went to the bedroom. Sandra travelled to the office. Daniel went back to the garden. Mary travelled to the bedroom.,Where is Sandra?,office,garden,False
752,Sandra went to the bedroom. Sandra travelled to the office. Daniel went back to the garden. Mary travelled to the bedroom. John journeyed to the garden. Daniel went back to the hallway.,Where is Daniel?,hallway,hallway,True
753,Sandra went to the bedroom. Sandra travelled to the office. Daniel went back to the garden. Mary travelled to the bedroom. John journeyed to the garden. Daniel went back to the hallway. Mary went back to the garden. Mary journeyed to the bedroom.,Where is Mary?,bedroom,bedroom,True
754,Sandra went to the bedroom. Sandra travelled to the office. Daniel went back to the garden. Mary travelled to the bedroom. John journeyed to the garden. Daniel went back to the hallway. Mary went back to the garden. Mary journeyed to the bedroom. Sandra went back to the kitchen. Sandra went to the garden.,Where is Daniel?,hallway,kitchen,False
755,Daniel went back to the hallway. Daniel travelled to the garden.,Where is Daniel?,garden,hallway,False
756,Daniel went back to the hallway. Daniel travelled to the garden. Sandra went to the office. Sandra journeyed to the kitchen.,Where is Daniel?,garden,garden,True
757,Daniel went back to the hallway. Daniel travelled to the garden. Sandra went to the office. Sandra journeyed to the kitchen. John moved to the office. Daniel journeyed to the bathroom.,Where is John?,office,office,True
758,Daniel went back to the hallway. Daniel travelled to the garden. Sandra went to the office. Sandra journeyed to the kitchen. John moved to the office. Daniel journeyed to the bathroom. John went to the bathroom. Mary travelled to the garden.,Where is Sandra?,kitchen,bathroom,False
759,Daniel went back to the hallway. Daniel travelled to the garden. Sandra went to the office. Sandra journeyed to the kitchen. John moved to the office. Daniel journeyed to the bathroom. John went to the bathroom. Mary travelled to the garden. Mary went to the bathroom. Sandra travelled to the bathroom.,Where is Mary?,bathroom,bathroom,True
760,Sandra went back to the office. John moved to the bathroom.,Where is Sandra?,office,office,True
761,Sandra went back to the office. John moved to the bathroom. Sandra journeyed to the bedroom. Mary journeyed to the bathroom.,Where is Sandra?,bedroom,bedroom,True
762,Sandra went back to the office. John moved to the bathroom. Sandra journeyed to the bedroom. Mary journeyed to the bathroom. John journeyed to the bedroom. Daniel moved to the office.,Where is Mary?,bathroom,bathroom,True
763,Sandra went back to the office. John moved to the bathroom. Sandra journeyed to the bedroom. Mary journeyed to the bathroom. John journeyed to the bedroom. Daniel moved to the office. Mary went to the garden. Daniel moved to the garden.,Where is Daniel?,garden,garden,True
764,Sandra went back to the office. John moved to the bathroom. Sandra journeyed to the bedroom. Mary journeyed to the bathroom. John journeyed to the bedroom. Daniel moved to the office. Mary went to the garden. Daniel moved to the garden. Daniel travelled to the hallway. Mary journeyed to the kitchen.,Where is Daniel?,hallway,hallway,True
765,Sandra travelled to the kitchen. Daniel travelled to the bathroom.,Where is Sandra?,kitchen,kitchen,True
766,Sandra travelled to the kitchen. Daniel travelled to the bathroom. John went to the hallway. Sandra journeyed to the bedroom.,Where is Daniel?,bathroom,bathroom,True
767,Sandra travelled to the kitchen. Daniel travelled to the bathroom. John went to the hallway. Sandra journeyed to the bedroom. John journeyed to the kitchen. Mary went back to the office.,Where is John?,kitchen,kitchen,True
768,Sandra travelled to the kitchen. Daniel travelled to the bathroom. John went to the hallway. Sandra journeyed to the bedroom. John journeyed to the kitchen. Mary went back to the office. John journeyed to the garden. Daniel travelled to the hallway.,Where is Daniel?,hallway,hallway,True
769,Sandra travelled to the kitchen. Daniel travelled to the bathroom. John went to the hallway. Sandra journeyed to the bedroom. John journeyed to the kitchen. Mary went back to the office. John journeyed to the garden. Daniel travelled to the hallway. John journeyed to the bedroom. Daniel went back to the bathroom.,Where is John?,bedroom,bedroom,True
770,Daniel went to the bathroom. John went to the garden.,Where is Daniel?,bathroom,bathroom,True
771,Daniel went to the bathroom. John went to the garden. John went back to the bedroom. Mary journeyed to the office.,Where is John?,bedroom,bedroom,True
772,Daniel went to the bathroom. John went to the garden. John went back to the bedroom. Mary journeyed to the office. Daniel moved to the kitchen. John journeyed to the office.,Where is John?,office,office,True
773,Daniel went to the bathroom. John went to the garden. John went back to the bedroom. Mary journeyed to the office. Daniel moved to the kitchen. John journeyed to the office. Mary journeyed to the kitchen. Sandra travelled to the bathroom.,Where is John?,office,office,True
774,Daniel went to the bathroom. John went to the garden. John went back to the bedroom. Mary journeyed to the office. Daniel moved to the kitchen. John journeyed to the office. Mary journeyed to the kitchen. Sandra travelled to the bathroom. Sandra went to the hallway. Daniel went back to the bedroom.,Where is Mary?,kitchen,kitchen,True
775,Mary went to the garden. Daniel journeyed to the kitchen.,Where is Daniel?,kitchen,kitchen,True
776,Mary went to the garden. Daniel journeyed to the kitchen. John moved to the kitchen. John travelled to the bathroom.,Where is John?,bathroom,bathroom,True
777,Mary went to the garden. Daniel journeyed to the kitchen. John moved to the kitchen. John travelled to the bathroom. Mary journeyed to the kitchen. Mary moved to the bathroom.,Where is John?,bathroom,bathroom,True
778,Mary went to the garden. Daniel journeyed to the kitchen. John moved to the kitchen. John travelled to the bathroom. Mary journeyed to the kitchen. Mary moved to the bathroom. Sandra journeyed to the hallway. Mary went back to the hallway.,Where is John?,bathroom,bathroom,True
779,Mary went to the garden. Daniel journeyed to the kitchen. John moved to the kitchen. John travelled to the bathroom. Mary journeyed to the kitchen. Mary moved to the bathroom. Sandra journeyed to the hallway. Mary went back to the hallway. Sandra journeyed to the bathroom. Daniel went to the office.,Where is Daniel?,office,office,True
780,John went back to the bedroom. Daniel journeyed to the hallway.,Where is John?,bedroom,bedroom,True
781,John went back to the bedroom. Daniel journeyed to the hallway. Mary went back to the hallway. Daniel went to the office.,Where is Daniel?,office,office,True
782,John went back to the bedroom. Daniel journeyed to the hallway. Mary went back to the hallway. Daniel went to the office. John journeyed to the hallway. Sandra went to the kitchen.,Where is Daniel?,office,office,True
783,John went back to the bedroom. Daniel journeyed to the hallway. Mary went back to the hallway. Daniel went to the office. John journeyed to the hallway. Sandra went to the kitchen. Sandra went back to the hallway. John moved to the bathroom.,Where is John?,bathroom,bathroom,True
784,John went back to the bedroom. Daniel journeyed to the hallway. Mary went back to the hallway. Daniel went to the office. John journeyed to the hallway. Sandra went to the kitchen. Sandra went back to the hallway. John moved to the bathroom. Mary went to the office. John travelled to the garden.,Where is Sandra?,hallway,hallway,True
785,John travelled to the office. Mary went to the bathroom.,Where is John?,office,office,True
786,John travelled to the office. Mary went to the bathroom. Mary went to the kitchen. Mary journeyed to the bathroom.,Where is John?,office,office,True
787,John travelled to the office. Mary went to the bathroom. Mary went to the kitchen. Mary journeyed to the bathroom. Mary went to the hallway. Sandra travelled to the bedroom.,Where is Mary?,hallway,hallway,True
788,John travelled to the office. Mary went to the bathroom. Mary went to the kitchen. Mary journeyed to the bathroom. Mary went to the hallway. Sandra travelled to the bedroom. John moved to the kitchen. Sandra journeyed to the garden.,Where is Mary?,hallway,kitchen,False
789,John travelled to the office. Mary went to the bathroom. Mary went to the kitchen. Mary journeyed to the bathroom. Mary went to the hallway. Sandra travelled to the bedroom. John moved to the kitchen. Sandra journeyed to the garden. Mary went to the office. Daniel travelled to the hallway.,Where is Sandra?,garden,garden,True
790,Sandra travelled to the office. Sandra moved to the garden.,Where is Sandra?,garden,garden,True
791,Sandra travelled to the office. Sandra moved to the garden. John journeyed to the bathroom. John moved to the bedroom.,Where is Sandra?,garden,garden,True
792,Sandra travelled to the office. Sandra moved to the garden. John journeyed to the bathroom. John moved to the bedroom. Mary went to the hallway. John journeyed to the office.,Where is Sandra?,garden,hallway,False
793,Sandra travelled to the office. Sandra moved to the garden. John journeyed to the bathroom. John moved to the bedroom. Mary went to the hallway. John journeyed to the office. Daniel journeyed to the kitchen. Mary moved to the kitchen.,Where is John?,office,office,True
794,Sandra travelled to the office. Sandra moved to the garden. John journeyed to the bathroom. John moved to the bedroom. Mary went to the hallway. John journeyed to the office. Daniel journeyed to the kitchen. Mary moved to the kitchen. Mary went back to the bathroom. Mary journeyed to the garden.,Where is Mary?,garden,garden,True
795,Daniel travelled to the office. Sandra went back to the office.,Where is Daniel?,office,office,True
796,Daniel travelled to the office. Sandra went back to the office. Mary went to the office. Daniel moved to the bathroom.,Where is Sandra?,office,office,True
797,Daniel travelled to the office. Sandra went back to the office. Mary went to the office. Daniel moved to the bathroom. John went to the hallway. Sandra moved to the bedroom.,Where is Mary?,office,hallway,False
798,Daniel travelled to the office. Sandra went back to the office. Mary went to the office. Daniel moved to the bathroom. John went to the hallway. Sandra moved to the bedroom. Sandra travelled to the office. John went back to the garden.,Where is Sandra?,office,bathroom,False
799,Daniel travelled to the office. Sandra went back to the office. Mary went to the office. Daniel moved to the bathroom. John went to the hallway. Sandra moved to the bedroom. Sandra travelled to the office. John went back to the garden. John went to the hallway. Mary went to the bathroom.,Where is Sandra?,office,hallway,False
800,Sandra went to the hallway. Daniel moved to the garden.,Where is Sandra?,hallway,hallway,True
801,Sandra went to the hallway. Daniel moved to the garden. Daniel went back to the bathroom. Mary went to the bedroom.,Where is Daniel?,bathroom,bathroom,True
802,Sandra went to the hallway. Daniel moved to the garden. Daniel went back to the bathroom. Mary went to the bedroom. Mary moved to the office. Sandra travelled to the bedroom.,Where is Mary?,office,office,True
803,Sandra went to the hallway. Daniel moved to the garden. Daniel went back to the bathroom. Mary went to the bedroom. Mary moved to the office. Sandra travelled to the bedroom. Mary travelled to the garden. Mary journeyed to the kitchen.,Where is Sandra?,bedroom,garden,False
804,Sandra went to the hallway. Daniel moved to the garden. Daniel went back to the bathroom. Mary went to the bedroom. Mary moved to the office. Sandra travelled to the bedroom. Mary travelled to the garden. Mary journeyed to the kitchen. Mary went to the office. Sandra moved to the office.,Where is Mary?,office,office,True
805,Mary journeyed to the garden. John went back to the garden.,Where is John?,garden,garden,True
806,Mary journeyed to the garden. John went back to the garden. Mary moved to the office. John moved to the bedroom.,Where is John?,bedroom,bedroom,True
807,Mary journeyed to the garden. John went back to the garden. Mary moved to the office. John moved to the bedroom. Sandra travelled to the bathroom. Sandra moved to the garden.,Where is John?,bedroom,bedroom,True
808,Mary journeyed to the garden. John went back to the garden. Mary moved to the office. John moved to the bedroom. Sandra travelled to the bathroom. Sandra moved to the garden. Daniel went to the bedroom. Daniel travelled to the hallway.,Where is Daniel?,hallway,hallway,True
809,Mary journeyed to the garden. John went back to the garden. Mary moved to the office. John moved to the bedroom. Sandra travelled to the bathroom. Sandra moved to the garden. Daniel went to the bedroom. Daniel travelled to the hallway. Mary moved to the bathroom. Sandra went back to the kitchen.,Where is Daniel?,hallway,hallway,True
810,John journeyed to the kitchen. Sandra moved to the garden.,Where is Sandra?,garden,garden,True
811,John journeyed to the kitchen. Sandra moved to the garden. Daniel travelled to the office. John moved to the bedroom.,Where is Sandra?,garden,office,False
812,John journeyed to the kitchen. Sandra moved to the garden. Daniel travelled to the office. John moved to the bedroom. Sandra journeyed to the hallway. Mary travelled to the garden.,Where is Daniel?,office,hallway,False
813,John journeyed to the kitchen. Sandra moved to the garden. Daniel travelled to the office. John moved to the bedroom. Sandra journeyed to the hallway. Mary travelled to the garden. John went back to the kitchen. Daniel went back to the hallway.,Where is Daniel?,hallway,hallway,True
814,John journeyed to the kitchen. Sandra moved to the garden. Daniel travelled to the office. John moved to the bedroom. Sandra journeyed to the hallway. Mary travelled to the garden. John went back to the kitchen. Daniel went back to the hallway. Mary travelled to the hallway. Daniel journeyed to the kitchen.,Where is Mary?,hallway,hallway,True
815,Daniel went to the bedroom. Daniel journeyed to the office.,Where is Daniel?,office,office,True
816,Daniel went to the bedroom. Daniel journeyed to the office. Daniel travelled to the bathroom. Mary went to the office.,Where is Mary?,office,office,True
817,Daniel went to the bedroom. Daniel journeyed to the office. Daniel travelled to the bathroom. Mary went to the office. John journeyed to the bedroom. Daniel went back to the kitchen.,Where is Daniel?,kitchen,kitchen,True
818,Daniel went to the bedroom. Daniel journeyed to the office. Daniel travelled to the bathroom. Mary went to the office. John journeyed to the bedroom. Daniel went back to the kitchen. John went to the garden. Daniel travelled to the office.,Where is John?,garden,garden,True
819,Daniel went to the bedroom. Daniel journeyed to the office. Daniel travelled to the bathroom. Mary went to the office. John journeyed to the bedroom. Daniel went back to the kitchen. John went to the garden. Daniel travelled to the office. John travelled to the office. Mary travelled to the bathroom.,Where is Daniel?,office,office,True
820,John went back to the bathroom. Sandra journeyed to the garden.,Where is Sandra?,garden,garden,True
821,John went back to the bathroom. Sandra journeyed to the garden. John went to the garden. John went to the bedroom.,Where is Sandra?,garden,garden,True
822,John went back to the bathroom. Sandra journeyed to the garden. John went to the garden. John went to the bedroom. Sandra went to the office. Daniel went to the bathroom.,Where is Daniel?,bathroom,bathroom,True
823,John went back to the bathroom. Sandra journeyed to the garden. John went to the garden. John went to the bedroom. Sandra went to the office. Daniel went to the bathroom. Mary travelled to the kitchen. John went back to the hallway.,Where is John?,hallway,hallway,True
824,John went back to the bathroom. Sandra journeyed to the garden. John went to the garden. John went to the bedroom. Sandra went to the office. Daniel went to the bathroom. Mary travelled to the kitchen. John went back to the hallway. Sandra moved to the bedroom. Sandra journeyed to the bathroom.,Where is Daniel?,bathroom,bedroom,False
825,John journeyed to the garden. Sandra journeyed to the office.,Where is Sandra?,office,office,True
826,John journeyed to the garden. Sandra journeyed to the office. Mary journeyed to the bathroom. Daniel went to the hallway.,Where is Mary?,bathroom,bathroom,True
827,John journeyed to the garden. Sandra journeyed to the office. Mary journeyed to the bathroom. Daniel went to the hallway. Mary went back to the kitchen. Mary went back to the bedroom.,Where is Mary?,bedroom,bedroom,True
828,John journeyed to the garden. Sandra journeyed to the office. Mary journeyed to the bathroom. Daniel went to the hallway. Mary went back to the kitchen. Mary went back to the bedroom. Mary went back to the bathroom. John went back to the kitchen.,Where is Mary?,bathroom,bedroom,False
829,John journeyed to the garden. Sandra journeyed to the office. Mary journeyed to the bathroom. Daniel went to the hallway. Mary went back to the kitchen. Mary went back to the bedroom. Mary went back to the bathroom. John went back to the kitchen. John moved to the hallway. Daniel moved to the kitchen.,Where is Daniel?,kitchen,kitchen,True
830,Daniel went back to the bedroom. Mary went to the garden.,Where is Mary?,garden,garden,True
831,Daniel went back to the bedroom. Mary went to the garden. Sandra went to the kitchen. Sandra went back to the bathroom.,Where is Sandra?,bathroom,bathroom,True
832,Daniel went back to the bedroom. Mary went to the garden. Sandra went to the kitchen. Sandra went back to the bathroom. John journeyed to the bedroom. John went back to the hallway.,Where is Mary?,garden,kitchen,False
833,Daniel went back to the bedroom. Mary went to the garden. Sandra went to the kitchen. Sandra went back to the bathroom. John journeyed to the bedroom. John went back to the hallway. Sandra went to the kitchen. Mary went to the bathroom.,Where is Sandra?,kitchen,kitchen,True
834,Daniel went back to the bedroom. Mary went to the garden. Sandra went to the kitchen. Sandra went back to the bathroom. John journeyed to the bedroom. John went back to the hallway. Sandra went to the kitchen. Mary went to the bathroom. Sandra went back to the office. Mary journeyed to the bedroom.,Where is Mary?,bedroom,bedroom,True
835,Daniel went to the hallway. John travelled to the bathroom.,Where is John?,bathroom,hallway,False
836,Daniel went to the hallway. John travelled to the bathroom. Daniel moved to the bedroom. Daniel went to the bathroom.,Where is John?,bathroom,bathroom,True
837,Daniel went to the hallway. John travelled to the bathroom. Daniel moved to the bedroom. Daniel went to the bathroom. Sandra travelled to the garden. Sandra went to the hallway.,Where is Daniel?,bathroom,bedroom,False
838,Daniel went to the hallway. John travelled to the bathroom. Daniel moved to the bedroom. Daniel went to the bathroom. Sandra travelled to the garden. Sandra went to the hallway. Daniel journeyed to the office. John moved to the garden.,Where is Daniel?,office,office,True
839,Daniel went to the hallway. John travelled to the bathroom. Daniel moved to the bedroom. Daniel went to the bathroom. Sandra travelled to the garden. Sandra went to the hallway. Daniel journeyed to the office. John moved to the garden. Daniel went back to the hallway. John moved to the bedroom.,Where is Sandra?,hallway,hallway,True
840,Mary went to the garden. Sandra journeyed to the garden.,Where is Sandra?,garden,garden,True
841,Mary went to the garden. Sandra journeyed to the garden. Mary journeyed to the bathroom. Daniel went to the office.,Where is Sandra?,garden,garden,True
842,Mary went to the garden. Sandra journeyed to the garden. Mary journeyed to the bathroom. Daniel went to the office. John went back to the garden. John travelled to the office.,Where is Daniel?,office,garden,False
843,Mary went to the garden. Sandra journeyed to the garden. Mary journeyed to the bathroom. Daniel went to the office. John went back to the garden. John travelled to the office. John moved to the bedroom. John travelled to the kitchen.,Where is John?,kitchen,kitchen,True
844,Mary went to the garden. Sandra journeyed to the garden. Mary journeyed to the bathroom. Daniel went to the office. John went back to the garden. John travelled to the office. John moved to the bedroom. John travelled to the kitchen. Mary travelled to the kitchen. Daniel journeyed to the bathroom.,Where is John?,kitchen,kitchen,True
845,Sandra went to the bedroom. John travelled to the office.,Where is Sandra?,bedroom,bedroom,True
846,Sandra went to the bedroom. John travelled to the office. John travelled to the bedroom. Sandra went back to the kitchen.,Where is John?,bedroom,bedroom,True
847,Sandra went to the bedroom. John travelled to the office. John travelled to the bedroom. Sandra went back to the kitchen. Sandra went back to the garden. John went back to the office.,Where is Sandra?,garden,garden,True
848,Sandra went to the bedroom. John travelled to the office. John travelled to the bedroom. Sandra went back to the kitchen. Sandra went back to the garden. John went back to the office. Daniel went to the hallway. Daniel went to the bathroom.,Where is Sandra?,garden,garden,True
849,Sandra went to the bedroom. John travelled to the office. John travelled to the bedroom. Sandra went back to the kitchen. Sandra went back to the garden. John went back to the office. Daniel went to the hallway. Daniel went to the bathroom. Daniel travelled to the kitchen. Daniel travelled to the garden.,Where is John?,office,office,True
850,Daniel journeyed to the bedroom. Sandra journeyed to the kitchen.,Where is Daniel?,bedroom,bedroom,True
851,Daniel journeyed to the bedroom. Sandra journeyed to the kitchen. Daniel went to the bathroom. Daniel went to the hallway.,Where is Daniel?,hallway,hallway,True
852,Daniel journeyed to the bedroom. Sandra journeyed to the kitchen. Daniel went to the bathroom. Daniel went to the hallway. Daniel travelled to the bathroom. Sandra went to the garden.,Where is Daniel?,bathroom,bathroom,True
853,Daniel journeyed to the bedroom. Sandra journeyed to the kitchen. Daniel went to the bathroom. Daniel went to the hallway. Daniel travelled to the bathroom. Sandra went to the garden. Mary moved to the bathroom. Daniel travelled to the bedroom.,Where is Daniel?,bedroom,bedroom,True
854,Daniel journeyed to the bedroom. Sandra journeyed to the kitchen. Daniel went to the bathroom. Daniel went to the hallway. Daniel travelled to the bathroom. Sandra went to the garden. Mary moved to the bathroom. Daniel travelled to the bedroom. Mary travelled to the bedroom. Daniel went to the hallway.,Where is Mary?,bedroom,bedroom,True
855,Daniel went to the hallway. Daniel went to the bedroom.,Where is Daniel?,bedroom,bedroom,True
856,Daniel went to the hallway. Daniel went to the bedroom. John journeyed to the office. Mary went back to the bedroom.,Where is Daniel?,bedroom,bedroom,True
857,Daniel went to the hallway. Daniel went to the bedroom. John journeyed to the office. Mary went back to the bedroom. Mary travelled to the office. John travelled to the bedroom.,Where is John?,bedroom,bedroom,True
858,Daniel went to the hallway. Daniel went to the bedroom. John journeyed to the office. Mary went back to the bedroom. Mary travelled to the office. John travelled to the bedroom. Mary went to the hallway. Mary went back to the kitchen.,Where is Mary?,kitchen,kitchen,True
859,Daniel went to the hallway. Daniel went to the bedroom. John journeyed to the office. Mary went back to the bedroom. Mary travelled to the office. John travelled to the bedroom. Mary went to the hallway. Mary went back to the kitchen. Daniel moved to the hallway. Mary moved to the office.,Where is Mary?,office,office,True
860,Mary went to the bathroom. Daniel travelled to the bathroom.,Where is Mary?,bathroom,bathroom,True
861,Mary went to the bathroom. Daniel travelled to the bathroom. Mary moved to the garden. Daniel journeyed to the hallway.,Where is Mary?,garden,garden,True
862,Mary went to the bathroom. Daniel travelled to the bathroom. Mary moved to the garden. Daniel journeyed to the hallway. John journeyed to the hallway. Mary journeyed to the office.,Where is Mary?,office,office,True
863,Mary went to the bathroom. Daniel travelled to the bathroom. Mary moved to the garden. Daniel journeyed to the hallway. John journeyed to the hallway. Mary journeyed to the office. Mary went to the kitchen. John journeyed to the kitchen.,Where is Mary?,kitchen,kitchen,True
864,Mary went to the bathroom. Daniel travelled to the bathroom. Mary moved to the garden. Daniel journeyed to the hallway. John journeyed to the hallway. Mary journeyed to the office. Mary went to the kitchen. John journeyed to the kitchen. Mary travelled to the hallway. Daniel went to the bedroom.,Where is Mary?,hallway,hallway,True
865,Sandra went to the hallway. Sandra went to the garden.,Where is Sandra?,garden,hallway,False
866,Sandra went to the hallway. Sandra went to the garden. John journeyed to the kitchen. Mary travelled to the bedroom.,Where is Mary?,bedroom,bedroom,True
867,Sandra went to the hallway. Sandra went to the garden. John journeyed to the kitchen. Mary travelled to the bedroom. John went back to the garden. Daniel travelled to the kitchen.,Where is Mary?,bedroom,garden,False
868,Sandra went to the hallway. Sandra went to the garden. John journeyed to the kitchen. Mary travelled to the bedroom. John went back to the garden. Daniel travelled to the kitchen. Sandra travelled to the bathroom. John went to the kitchen.,Where is Daniel?,kitchen,bathroom,False
869,Sandra went to the hallway. Sandra went to the garden. John journeyed to the kitchen. Mary travelled to the bedroom. John went back to the garden. Daniel travelled to the kitchen. Sandra travelled to the bathroom. John went to the kitchen. Sandra travelled to the office. John journeyed to the hallway.,Where is John?,hallway,hallway,True
870,Mary went to the bedroom. John moved to the bathroom.,Where is Mary?,bedroom,bedroom,True
871,Mary went to the bedroom. John moved to the bathroom. Sandra went back to the office. John travelled to the garden.,Where is John?,garden,garden,True
872,Mary went to the bedroom. John moved to the bathroom. Sandra went back to the office. John travelled to the garden. Sandra journeyed to the kitchen. John journeyed to the hallway.,Where is John?,hallway,hallway,True
873,Mary went to the bedroom. John moved to the bathroom. Sandra went back to the office. John travelled to the garden. Sandra journeyed to the kitchen. John journeyed to the hallway. Mary went back to the garden. Daniel went to the hallway.,Where is John?,hallway,hallway,True
874,Mary went to the bedroom. John moved to the bathroom. Sandra went back to the office. John travelled to the garden. Sandra journeyed to the kitchen. John journeyed to the hallway. Mary went back to the garden. Daniel went to the hallway. Sandra went to the garden. John went to the garden.,Where is Mary?,garden,garden,True
875,John went back to the bedroom. John journeyed to the garden.,Where is John?,garden,garden,True
876,John went back to the bedroom. John journeyed to the garden. Daniel journeyed to the bathroom. Sandra went back to the kitchen.,Where is John?,garden,garden,True
877,John went back to the bedroom. John journeyed to the garden. Daniel journeyed to the bathroom. Sandra went back to the kitchen. Daniel travelled to the kitchen. Sandra went to the hallway.,Where is Daniel?,kitchen,kitchen,True
878,John went back to the bedroom. John journeyed to the garden. Daniel journeyed to the bathroom. Sandra went back to the kitchen. Daniel travelled to the kitchen. Sandra went to the hallway. Daniel went to the bedroom. Mary moved to the garden.,Where is Sandra?,hallway,garden,False
879,John went back to the bedroom. John journeyed to the garden. Daniel journeyed to the bathroom. Sandra went back to the kitchen. Daniel travelled to the kitchen. Sandra went to the hallway. Daniel went to the bedroom. Mary moved to the garden. Sandra journeyed to the office. Mary moved to the kitchen.,Where is Sandra?,office,bedroom,False
880,Mary went back to the kitchen. John went to the bedroom.,Where is John?,bedroom,bedroom,True
881,Mary went back to the kitchen. John went to the bedroom. Daniel went back to the hallway. Mary moved to the office.,Where is Daniel?,hallway,hallway,True
882,Mary went back to the kitchen. John went to the bedroom. Daniel went back to the hallway. Mary moved to the office. Sandra journeyed to the kitchen. Sandra went back to the bathroom.,Where is Mary?,office,office,True
883,Mary went back to the kitchen. John went to the bedroom. Daniel went back to the hallway. Mary moved to the office. Sandra journeyed to the kitchen. Sandra went back to the bathroom. John travelled to the garden. John moved to the hallway.,Where is Mary?,office,garden,False
884,Mary went back to the kitchen. John went to the bedroom. Daniel went back to the hallway. Mary moved to the office. Sandra journeyed to the kitchen. Sandra went back to the bathroom. John travelled to the garden. John moved to the hallway. Mary travelled to the kitchen. Daniel travelled to the kitchen.,Where is John?,hallway,hallway,True
885,John journeyed to the garden. John went back to the bedroom.,Where is John?,bedroom,bedroom,True
886,John journeyed to the garden. John went back to the bedroom. Daniel went back to the office. Daniel went to the bedroom.,Where is Daniel?,bedroom,bedroom,True
887,John journeyed to the garden. John went back to the bedroom. Daniel went back to the office. Daniel went to the bedroom. Sandra journeyed to the office. Daniel went back to the hallway.,Where is Daniel?,hallway,hallway,True
888,John journeyed to the garden. John went back to the bedroom. Daniel went back to the office. Daniel went to the bedroom. Sandra journeyed to the office. Daniel went back to the hallway. Daniel went to the bedroom. John moved to the bathroom.,Where is Sandra?,office,bedroom,False
889,John journeyed to the garden. John went back to the bedroom. Daniel went back to the office. Daniel went to the bedroom. Sandra journeyed to the office. Daniel went back to the hallway. Daniel went to the bedroom. John moved to the bathroom. Sandra journeyed to the bathroom. Sandra journeyed to the bedroom.,Where is Daniel?,bedroom,bathroom,False
890,John travelled to the garden. Mary journeyed to the office.,Where is John?,garden,garden,True
891,John travelled to the garden. Mary journeyed to the office. Sandra went to the garden. John went back to the office.,Where is John?,office,office,True
892,John travelled to the garden. Mary journeyed to the office. Sandra went to the garden. John went back to the office. John moved to the bedroom. John moved to the garden.,Where is John?,garden,garden,True
893,John travelled to the garden. Mary journeyed to the office. Sandra went to the garden. John went back to the office. John moved to the bedroom. John moved to the garden. Mary went back to the hallway. Sandra travelled to the bathroom.,Where is Mary?,hallway,hallway,True
894,John travelled to the garden. Mary journeyed to the office. Sandra went to the garden. John went back to the office. John moved to the bedroom. John moved to the garden. Mary went back to the hallway. Sandra travelled to the bathroom. John went back to the office. Daniel moved to the kitchen.,Where is John?,office,office,True
895,Sandra moved to the kitchen. John travelled to the office.,Where is John?,office,office,True
896,Sandra moved to the kitchen. John travelled to the office. Sandra went back to the garden. John went to the garden.,Where is Sandra?,garden,garden,True
897,Sandra moved to the kitchen. John travelled to the office. Sandra went back to the garden. John went to the garden. Daniel travelled to the garden. Sandra moved to the hallway.,Where is Sandra?,hallway,hallway,True
898,Sandra moved to the kitchen. John travelled to the office. Sandra went back to the garden. John went to the garden. Daniel travelled to the garden. Sandra moved to the hallway. Daniel went to the kitchen. Daniel journeyed to the office.,Where is John?,garden,garden,True
899,Sandra moved to the kitchen. John travelled to the office. Sandra went back to the garden. John went to the garden. Daniel travelled to the garden. Sandra moved to the hallway. Daniel went to the kitchen. Daniel journeyed to the office. Sandra went back to the bedroom. Mary moved to the bathroom.,Where is Daniel?,office,bedroom,False
900,Daniel went back to the office. Daniel travelled to the bathroom.,Where is Daniel?,bathroom,bathroom,True
901,Daniel went back to the office. Daniel travelled to the bathroom. Mary moved to the hallway. Mary moved to the office.,Where is Daniel?,bathroom,bathroom,True
902,Daniel went back to the office. Daniel travelled to the bathroom. Mary moved to the hallway. Mary moved to the office. John journeyed to the kitchen. John journeyed to the garden.,Where is John?,garden,garden,True
903,Daniel went back to the office. Daniel travelled to the bathroom. Mary moved to the hallway. Mary moved to the office. John journeyed to the kitchen. John journeyed to the garden. John moved to the hallway. Sandra went to the garden.,Where is Mary?,office,bathroom,False
904,Daniel went back to the office. Daniel travelled to the bathroom. Mary moved to the hallway. Mary moved to the office. John journeyed to the kitchen. John journeyed to the garden. John moved to the hallway. Sandra went to the garden. Daniel moved to the kitchen. John moved to the bathroom.,Where is Sandra?,garden,kitchen,False
905,Sandra went back to the bathroom. Sandra travelled to the garden.,Where is Sandra?,garden,garden,True
906,Sandra went back to the bathroom. Sandra travelled to the garden. Mary journeyed to the bathroom. Sandra went to the kitchen.,Where is Sandra?,kitchen,kitchen,True
907,Sandra went back to the bathroom. Sandra travelled to the garden. Mary journeyed to the bathroom. Sandra went to the kitchen. Daniel journeyed to the office. John went to the garden.,Where is Sandra?,kitchen,kitchen,True
908,Sandra went back to the bathroom. Sandra travelled to the garden. Mary journeyed to the bathroom. Sandra went to the kitchen. Daniel journeyed to the office. John went to the garden. John journeyed to the hallway. John travelled to the bathroom.,Where is Daniel?,office,office,True
909,Sandra went back to the bathroom. Sandra travelled to the garden. Mary journeyed to the bathroom. Sandra went to the kitchen. Daniel journeyed to the office. John went to the garden. John journeyed to the hallway. John travelled to the bathroom. John went to the garden. Mary travelled to the office.,Where is Mary?,office,office,True
910,Daniel moved to the bedroom. Mary travelled to the hallway.,Where is Daniel?,bedroom,bedroom,True
911,Daniel moved to the bedroom. Mary travelled to the hallway. Mary travelled to the bedroom. John travelled to the office.,Where is Mary?,bedroom,bedroom,True
912,Daniel moved to the bedroom. Mary travelled to the hallway. Mary travelled to the bedroom. John travelled to the office. Daniel went to the hallway. Mary travelled to the bathroom.,Where is John?,office,office,True
913,Daniel moved to the bedroom. Mary travelled to the hallway. Mary travelled to the bedroom. John travelled to the office. Daniel went to the hallway. Mary travelled to the bathroom. John moved to the bathroom. John travelled to the garden.,Where is Daniel?,hallway,bathroom,False
914,Daniel moved to the bedroom. Mary travelled to the hallway. Mary travelled to the bedroom. John travelled to the office. Daniel went to the hallway. Mary travelled to the bathroom. John moved to the bathroom. John travelled to the garden. John went to the office. Mary travelled to the garden.,Where is Mary?,garden,garden,True
915,Daniel went back to the garden. Mary travelled to the kitchen.,Where is Mary?,kitchen,kitchen,True
916,Daniel went back to the garden. Mary travelled to the kitchen. Sandra journeyed to the kitchen. Sandra went to the hallway.,Where is Sandra?,hallway,hallway,True
917,Daniel went back to the garden. Mary travelled to the kitchen. Sandra journeyed to the kitchen. Sandra went to the hallway. John went to the bedroom. Mary went back to the garden.,Where is Mary?,garden,garden,True
918,Daniel went back to the garden. Mary travelled to the kitchen. Sandra journeyed to the kitchen. Sandra went to the hallway. John went to the bedroom. Mary went back to the garden. John journeyed to the bathroom. Daniel travelled to the office.,Where is Mary?,garden,bedroom,False
919,Daniel went back to the garden. Mary travelled to the kitchen. Sandra journeyed to the kitchen. Sandra went to the hallway. John went to the bedroom. Mary went back to the garden. John journeyed to the bathroom. Daniel travelled to the office. Daniel journeyed to the bedroom. Mary went to the office.,Where is Daniel?,bedroom,bedroom,True
920,Daniel went back to the bathroom. Mary went to the kitchen.,Where is Daniel?,bathroom,bathroom,True
921,Daniel went back to the bathroom. Mary went to the kitchen. Mary went to the hallway. Sandra moved to the garden.,Where is Mary?,hallway,hallway,True
922,Daniel went back to the bathroom. Mary went to the kitchen. Mary went to the hallway. Sandra moved to the garden. Daniel went back to the hallway. John moved to the office.,Where is Daniel?,hallway,hallway,True
923,Daniel went back to the bathroom. Mary went to the kitchen. Mary went to the hallway. Sandra moved to the garden. Daniel went back to the hallway. John moved to the office. Sandra journeyed to the kitchen. Mary went to the kitchen.,Where is Mary?,kitchen,kitchen,True
924,Daniel went back to the bathroom. Mary went to the kitchen. Mary went to the hallway. Sandra moved to the garden. Daniel went back to the hallway. John moved to the office. Sandra journeyed to the kitchen. Mary went to the kitchen. Daniel journeyed to the bedroom. Mary went to the bedroom.,Where is Daniel?,bedroom,hallway,False
925,Mary moved to the bathroom. Daniel went to the garden.,Where is Mary?,bathroom,bathroom,True
926,Mary moved to the bathroom. Daniel went to the garden. Daniel journeyed to the bathroom. Daniel journeyed to the office.,Where is Daniel?,office,garden,False
927,Mary moved to the bathroom. Daniel went to the garden. Daniel journeyed to the bathroom. Daniel journeyed to the office. Sandra went back to the bathroom. Daniel journeyed to the kitchen.,Where is Daniel?,kitchen,hallway,False
928,Mary moved to the bathroom. Daniel went to the garden. Daniel journeyed to the bathroom. Daniel journeyed to the office. Sandra went back to the bathroom. Daniel journeyed to the kitchen. Mary went back to the garden. Daniel moved to the office.,Where is Daniel?,office,hallway,False
929,Mary moved to the bathroom. Daniel went to the garden. Daniel journeyed to the bathroom. Daniel journeyed to the office. Sandra went back to the bathroom. Daniel journeyed to the kitchen. Mary went back to the garden. Daniel moved to the office. John moved to the bedroom. Mary travelled to the bathroom.,Where is Mary?,bathroom,bathroom,True
930,Sandra went to the office. John went back to the bathroom.,Where is Sandra?,office,office,True
931,Sandra went to the office. John went back to the bathroom. Daniel travelled to the office. John went back to the bedroom.,Where is Daniel?,office,office,True
932,Sandra went to the office. John went back to the bathroom. Daniel travelled to the office. John went back to the bedroom. Sandra moved to the kitchen. Sandra went to the garden.,Where is John?,bedroom,bedroom,True
933,Sandra went to the office. John went back to the bathroom. Daniel travelled to the office. John went back to the bedroom. Sandra moved to the kitchen. Sandra went to the garden. Daniel went back to the bedroom. Sandra journeyed to the office.,Where is Sandra?,office,office,True
934,Sandra went to the office. John went back to the bathroom. Daniel travelled to the office. John went back to the bedroom. Sandra moved to the kitchen. Sandra went to the garden. Daniel went back to the bedroom. Sandra journeyed to the office. Sandra moved to the kitchen. John moved to the kitchen.,Where is Sandra?,kitchen,kitchen,True
935,Daniel travelled to the bathroom. John travelled to the hallway.,Where is John?,hallway,hallway,True
936,Daniel travelled to the bathroom. John travelled to the hallway. Daniel went back to the garden. Sandra went to the hallway.,Where is John?,hallway,hallway,True
937,Daniel travelled to the bathroom. John travelled to the hallway. Daniel went back to the garden. Sandra went to the hallway. John went back to the bathroom. Sandra moved to the bedroom.,Where is Daniel?,garden,bedroom,False
938,Daniel travelled to the bathroom. John travelled to the hallway. Daniel went back to the garden. Sandra went to the hallway. John went back to the bathroom. Sandra moved to the bedroom. Mary went to the hallway. Mary travelled to the bedroom.,Where is Sandra?,bedroom,bedroom,True
939,Daniel travelled to the bathroom. John travelled to the hallway. Daniel went back to the garden. Sandra went to the hallway. John went back to the bathroom. Sandra moved to the bedroom. Mary went to the hallway. Mary travelled to the bedroom. John journeyed to the kitchen. Daniel went back to the bathroom.,Where is Sandra?,bedroom,bedroom,True
940,John went back to the kitchen. John journeyed to the bedroom.,Where is John?,bedroom,bedroom,True
941,John went back to the kitchen. John journeyed to the bedroom. Daniel journeyed to the kitchen. Daniel went back to the office.,Where is Daniel?,office,office,True
942,John went back to the kitchen. John journeyed to the bedroom. Daniel journeyed to the kitchen. Daniel went back to the office. Daniel travelled to the bathroom. Daniel journeyed to the office.,Where is Daniel?,office,hallway,False
943,John went back to the kitchen. John journeyed to the bedroom. Daniel journeyed to the kitchen. Daniel went back to the office. Daniel travelled to the bathroom. Daniel journeyed to the office. John moved to the kitchen. Sandra journeyed to the garden.,Where is John?,kitchen,kitchen,True
944,John went back to the kitchen. John journeyed to the bedroom. Daniel journeyed to the kitchen. Daniel went back to the office. Daniel travelled to the bathroom. Daniel journeyed to the office. John moved to the kitchen. Sandra journeyed to the garden. Daniel went to the hallway. Sandra journeyed to the bathroom.,Where is Daniel?,hallway,hallway,True
945,Mary journeyed to the kitchen. Sandra went back to the office.,Where is Sandra?,office,office,True
946,Mary journeyed to the kitchen. Sandra went back to the office. John moved to the bedroom. Mary travelled to the bathroom.,Where is Mary?,bathroom,bathroom,True
947,Mary journeyed to the kitchen. Sandra went back to the office. John moved to the bedroom. Mary travelled to the bathroom. Sandra moved to the bathroom. Mary travelled to the kitchen.,Where is Sandra?,bathroom,bathroom,True
948,Mary journeyed to the kitchen. Sandra went back to the office. John moved to the bedroom. Mary travelled to the bathroom. Sandra moved to the bathroom. Mary travelled to the kitchen. Daniel journeyed to the office. Daniel journeyed to the garden.,Where is Mary?,kitchen,kitchen,True
949,Mary journeyed to the kitchen. Sandra went back to the office. John moved to the bedroom. Mary travelled to the bathroom. Sandra moved to the bathroom. Mary travelled to the kitchen. Daniel journeyed to the office. Daniel journeyed to the garden. Daniel travelled to the bedroom. John went back to the kitchen.,Where is Daniel?,bedroom,garden,False
950,John went to the hallway. Sandra travelled to the hallway.,Where is John?,hallway,hallway,True
951,John went to the hallway. Sandra travelled to the hallway. Sandra travelled to the kitchen. John went back to the kitchen.,Where is John?,kitchen,kitchen,True
952,John went to the hallway. Sandra travelled to the hallway. Sandra travelled to the kitchen. John went back to the kitchen. John went back to the garden. Mary moved to the kitchen.,Where is Sandra?,kitchen,kitchen,True
953,John went to the hallway. Sandra travelled to the hallway. Sandra travelled to the kitchen. John went back to the kitchen. John went back to the garden. Mary moved to the kitchen. John moved to the hallway. Sandra went to the office.,Where is Mary?,kitchen,kitchen,True
954,John went to the hallway. Sandra travelled to the hallway. Sandra travelled to the kitchen. John went back to the kitchen. John went back to the garden. Mary moved to the kitchen. John moved to the hallway. Sandra went to the office. John journeyed to the kitchen. Mary travelled to the garden.,Where is Sandra?,office,garden,False
955,John went back to the office. Daniel went to the bathroom.,Where is John?,office,office,True
956,John went back to the office. Daniel went to the bathroom. John journeyed to the kitchen. Mary went to the bathroom.,Where is John?,kitchen,kitchen,True
957,John went back to the office. Daniel went to the bathroom. John journeyed to the kitchen. Mary went to the bathroom. Sandra moved to the garden. Daniel went back to the bedroom.,Where is Sandra?,garden,garden,True
958,John went back to the office. Daniel went to the bathroom. John journeyed to the kitchen. Mary went to the bathroom. Sandra moved to the garden. Daniel went back to the bedroom. Sandra moved to the kitchen. Daniel travelled to the garden.,Where is Sandra?,kitchen,kitchen,True
959,John went back to the office. Daniel went to the bathroom. John journeyed to the kitchen. Mary went to the bathroom. Sandra moved to the garden. Daniel went back to the bedroom. Sandra moved to the kitchen. Daniel travelled to the garden. John went back to the office. John went back to the bedroom.,Where is John?,bedroom,bedroom,True
960,Daniel went to the bathroom. Mary travelled to the hallway.,Where is Mary?,hallway,hallway,True
961,Daniel went to the bathroom. Mary travelled to the hallway. John went to the bedroom. John travelled to the bathroom.,Where is Daniel?,bathroom,bathroom,True
962,Daniel went to the bathroom. Mary travelled to the hallway. John went to the bedroom. John travelled to the bathroom. Mary went to the office. Sandra journeyed to the kitchen.,Where is John?,bathroom,bathroom,True
963,Daniel went to the bathroom. Mary travelled to the hallway. John went to the bedroom. John travelled to the bathroom. Mary went to the office. Sandra journeyed to the kitchen. Mary moved to the bedroom. Daniel went back to the kitchen.,Where is Mary?,bedroom,bedroom,True
964,Daniel went to the bathroom. Mary travelled to the hallway. John went to the bedroom. John travelled to the bathroom. Mary went to the office. Sandra journeyed to the kitchen. Mary moved to the bedroom. Daniel went back to the kitchen. Mary moved to the garden. Daniel travelled to the office.,Where is Mary?,garden,garden,True
965,Daniel went back to the garden. Mary travelled to the office.,Where is Daniel?,garden,garden,True
966,Daniel went back to the garden. Mary travelled to the office. Daniel went back to the bedroom. Mary journeyed to the bathroom.,Where is Mary?,bathroom,bathroom,True
967,Daniel went back to the garden. Mary travelled to the office. Daniel went back to the bedroom. Mary journeyed to the bathroom. Daniel journeyed to the bathroom. Sandra went to the kitchen.,Where is Daniel?,bathroom,bathroom,True
968,Daniel went back to the garden. Mary travelled to the office. Daniel went back to the bedroom. Mary journeyed to the bathroom. Daniel journeyed to the bathroom. Sandra went to the kitchen. John moved to the bathroom. Mary went to the hallway.,Where is Mary?,hallway,hallway,True
969,Daniel went back to the garden. Mary travelled to the office. Daniel went back to the bedroom. Mary journeyed to the bathroom. Daniel journeyed to the bathroom. Sandra went to the kitchen. John moved to the bathroom. Mary went to the hallway. Daniel moved to the office. John travelled to the kitchen.,Where is Sandra?,kitchen,office,False
970,Sandra moved to the bathroom. Daniel travelled to the bathroom.,Where is Daniel?,bathroom,bathroom,True
971,Sandra moved to the bathroom. Daniel travelled to the bathroom. Sandra journeyed to the kitchen. Daniel moved to the kitchen.,Where is Daniel?,kitchen,kitchen,True
972,Sandra moved to the bathroom. Daniel travelled to the bathroom. Sandra journeyed to the kitchen. Daniel moved to the kitchen. Mary travelled to the kitchen. Sandra went to the bathroom.,Where is Sandra?,bathroom,hallway,False
973,Sandra moved to the bathroom. Daniel travelled to the bathroom. Sandra journeyed to the kitchen. Daniel moved to the kitchen. Mary travelled to the kitchen. Sandra went to the bathroom. John went back to the bathroom. Daniel moved to the hallway.,Where is Daniel?,hallway,hallway,True
974,Sandra moved to the bathroom. Daniel travelled to the bathroom. Sandra journeyed to the kitchen. Daniel moved to the kitchen. Mary travelled to the kitchen. Sandra went to the bathroom. John went back to the bathroom. Daniel moved to the hallway. Mary went to the garden. John went back to the garden.,Where is Daniel?,hallway,hallway,True
975,Daniel journeyed to the bedroom. Sandra journeyed to the bathroom.,Where is Daniel?,bedroom,bedroom,True
976,Daniel journeyed to the bedroom. Sandra journeyed to the bathroom. John went to the office. Sandra moved to the bedroom.,Where is John?,office,office,True
977,Daniel journeyed to the bedroom. Sandra journeyed to the bathroom. John went to the office. Sandra moved to the bedroom. Mary journeyed to the garden. Mary went to the bedroom.,Where is John?,office,office,True
978,Daniel journeyed to the bedroom. Sandra journeyed to the bathroom. John went to the office. Sandra moved to the bedroom. Mary journeyed to the garden. Mary went to the bedroom. Daniel went to the bathroom. John travelled to the kitchen.,Where is Mary?,bedroom,garden,False
979,Daniel journeyed to the bedroom. Sandra journeyed to the bathroom. John went to the office. Sandra moved to the bedroom. Mary journeyed to the garden. Mary went to the bedroom. Daniel went to the bathroom. John travelled to the kitchen. Sandra went back to the bathroom. Sandra went back to the hallway.,Where is Sandra?,hallway,hallway,True
980,Mary journeyed to the kitchen. Daniel moved to the bedroom.,Where is Mary?,kitchen,kitchen,True
981,Mary journeyed to the kitchen. Daniel moved to the bedroom. Mary went to the bathroom. John went to the bathroom.,Where is Mary?,bathroom,bedroom,False
982,Mary journeyed to the kitchen. Daniel moved to the bedroom. Mary went to the bathroom. John went to the bathroom. Sandra went back to the bedroom. John went back to the garden.,Where is Sandra?,bedroom,bedroom,True
983,Mary journeyed to the kitchen. Daniel moved to the bedroom. Mary went to the bathroom. John went to the bathroom. Sandra went back to the bedroom. John went back to the garden. Sandra travelled to the office. Daniel went to the garden.,Where is Sandra?,office,office,True
984,Mary journeyed to the kitchen. Daniel moved to the bedroom. Mary went to the bathroom. John went to the bathroom. Sandra went back to the bedroom. John went back to the garden. Sandra travelled to the office. Daniel went to the garden. Mary moved to the garden. John moved to the kitchen.,Where is Mary?,garden,garden,True
985,Sandra travelled to the garden. John travelled to the kitchen.,Where is Sandra?,garden,garden,True
986,Sandra travelled to the garden. John travelled to the kitchen. Mary went to the bathroom. Mary travelled to the bedroom.,Where is Sandra?,garden,garden,True
987,Sandra travelled to the garden. John travelled to the kitchen. Mary went to the bathroom. Mary travelled to the bedroom. Mary journeyed to the office. Daniel went to the bathroom.,Where is Mary?,office,office,True
988,Sandra travelled to the garden. John travelled to the kitchen. Mary went to the bathroom. Mary travelled to the bedroom. Mary journeyed to the office. Daniel went to the bathroom. Sandra journeyed to the bathroom. John went to the bathroom.,Where is John?,bathroom,bathroom,True
989,Sandra travelled to the garden. John travelled to the kitchen. Mary went to the bathroom. Mary travelled to the bedroom. Mary journeyed to the office. Daniel went to the bathroom. Sandra journeyed to the bathroom. John went to the bathroom. John moved to the office. John moved to the bathroom.,Where is John?,bathroom,bathroom,True
990,Mary moved to the hallway. Sandra went to the garden.,Where is Sandra?,garden,hallway,False
991,Mary moved to the hallway. Sandra went to the garden. Mary went back to the kitchen. Sandra journeyed to the kitchen.,Where is Sandra?,kitchen,kitchen,True
992,Mary moved to the hallway. Sandra went to the garden. Mary went back to the kitchen. Sandra journeyed to the kitchen. Daniel went back to the garden. John went to the garden.,Where is John?,garden,garden,True
993,Mary moved to the hallway. Sandra went to the garden. Mary went back to the kitchen. Sandra journeyed to the kitchen. Daniel went back to the garden. John went to the garden. Mary travelled to the office. Sandra went to the bathroom.,Where is Daniel?,garden,garden,True
994,Mary moved to the hallway. Sandra went to the garden. Mary went back to the kitchen. Sandra journeyed to the kitchen. Daniel went back to the garden. John went to the garden. Mary travelled to the office. Sandra went to the bathroom. Mary moved to the garden. Daniel went back to the office.,Where is Mary?,garden,garden,True
995,Sandra moved to the kitchen. John travelled to the kitchen.,Where is John?,kitchen,kitchen,True
996,Sandra moved to the kitchen. John travelled to the kitchen. Sandra moved to the hallway. Daniel journeyed to the hallway.,Where is Sandra?,hallway,hallway,True
997,Sandra moved to the kitchen. John travelled to the kitchen. Sandra moved to the hallway. Daniel journeyed to the hallway. Sandra travelled to the office. John moved to the bedroom.,Where is Sandra?,office,office,True
998,Sandra moved to the kitchen. John travelled to the kitchen. Sandra moved to the hallway. Daniel journeyed to the hallway. Sandra travelled to the office. John moved to the bedroom. Sandra went back to the garden. Sandra travelled to the bathroom.,Where is Sandra?,bathroom,hallway,False
999,Sandra moved to the kitchen. John travelled to the kitchen. Sandra moved to the hallway. Daniel journeyed to the hallway. Sandra travelled to the office. John moved to the bedroom. Sandra went back to the garden. Sandra travelled to the bathroom. Sandra moved to the office. Daniel journeyed to the garden.,Where is John?,bedroom,bedroom,True
